0.644574492,-0.100194825,Locky
0.627002909,-0.08657458,Locky
0.51589856,-0.120057991,Cerber
0.405785074,-0.085964632,Reveton
0.470348814,-0.0850344,Reveton
0.63501021,-0.107549907,Locky
0.371323064,0,Locky
0.567582451,-0.153982887,TeslaCrypt
0.639960505,-0.107747393,Locky
0.659624237,-0.108965998,Locky
0.649875378,-0.099380393,Locky
0.480873361,-0.074622709,Bengin
0.568370693,-0.117812258,Cerber
0.567991988,-0.15439946,TeslaCrypt
0.550962451,-0.115688244,Cerber
0.471814752,-0.084604387,Reveton
0.389618418,-0.088190514,Reveton
0.681730433,-0.109189902,Locky
0.773729376,-0.147231533,CryptoWall
0.465874928,-0.116325294,Cerber
0.458924425,-0.115906509,Cerber
0.559818365,-0.148739961,TeslaCrypt
-0.012558494,-0.150870775,Reveton
0.651974939,-0.073278871,Bengin
-0.09311779,-0.149964425,Genasom
0.180553017,-0.086520516,Cerber
-0.092960189,-0.149904196,Genasom
0.649873942,-0.099385031,Locky
0.556171852,-0.115804465,Cerber
0.652805058,-0.108508317,Locky
0.495871939,-0.115599303,Cerber
0.652790517,-0.07330184,Bengin
0.466342563,-0.07446925,Bengin
0.661702774,-0.108909811,Locky
-0.023079077,0,Locky
0.500918828,-0.074797311,Bengin
0.500921351,-0.074803345,Bengin
0.153704251,-0.065417971,Locky
0.551415343,-0.116025122,Cerber
0.437769614,-0.116528431,Cerber
0.651963943,-0.073285067,Bengin
0.715439007,-0.072172496,Bengin
0.394560521,-0.086379374,Reveton
0.400718125,-0.086918151,Reveton
0.643494633,-0.073068359,Bengin
0.64350111,-0.073160027,Bengin
0.44993129,-0.082435376,Jigsaw
0.51740957,-0.120104162,Cerber
0.118060207,-0.064960416,Locky
0.478641142,-0.112706817,Cerber
0.474532424,-0.074510475,Bengin
0.55039401,-0.115567208,Cerber
0.384256237,0,Jigsaw
0.153979344,-0.065426926,Locky
0.513696842,-0.074938093,Bengin
0.312754796,0,Locky
0.563638443,-0.115209246,Cerber
0.6502172,-0.073206978,Bengin
0.643024293,-0.100369159,Locky
0.38858188,-0.086567753,Reveton
0.570132205,-0.11823236,Cerber
0.389490456,-0.088194921,Reveton
0.807872743,-0.15477351,CryptoWall
0.22136582,-0.166861917,CryptoWall
0.392441366,-0.070827884,Cryptolocker
0.69516337,-0.072402497,Bengin
0.004646646,-0.080289807,Cerber
0.476707936,-0.074534964,Bengin
0.661185312,-0.109495911,Locky
0.639424309,-0.107061019,Locky
0.663338672,-0.085688625,Locky
0.652805097,-0.07332257,Bengin
0,0,Bengin
0.6350056,-0.107548947,Locky
0.638752685,-0.108092401,Locky
0.637323192,-0.086432362,Locky
0.51378863,-0.074879287,Bengin
0.614583996,-0.086842517,Locky
0.640053763,-0.10786649,Locky
-0.094248934,-0.144353091,Genasom
0.571250728,-0.118547526,Cerber
0.470110746,-0.084816017,Reveton
0.663465857,-0.08568478,Locky
-0.012599917,-0.15086149,Reveton
0.500915246,-0.07480938,Bengin
0.667173961,-0.085598586,Locky
0.572130701,-0.007665593,Cryptolocker
0.381240487,0,Locky
0.787114285,-0.150369862,CryptoWall
0.558397491,-0.148139264,TeslaCrypt
0.64396863,-0.107589619,Locky
0.675035903,-0.109628869,Locky
0.533144012,-0.169586238,TeslaCrypt
0.655584857,-0.109509753,Locky
0.558733349,-0.117151952,Cerber
0.500821874,-0.074868019,Bengin
0.443977748,-0.113030388,Cerber
0.153896656,-0.065755389,Locky
0.651067857,-0.086062956,Locky
0.653283128,-0.108494326,Locky
0.558110821,-0.116992478,Cerber
0.644981383,-0.086232122,Locky
0.560930249,-0.116110676,Cerber
0.565293083,-0.155122518,TeslaCrypt
0.266585766,-0.08116537,Reveton
0.458825766,-0.114531501,Cerber
0.561611249,-0.150123576,TeslaCrypt
0.566483952,-0.115132929,Cerber
0.643740726,-0.107481606,Locky
0.556169119,-0.115855255,Cerber
0.661884983,-0.10986385,Locky
0.400747662,0,Locky
0.65560058,-0.109513198,Locky
0.634997675,-0.107545557,Locky
0.582143363,-0.15186981,TeslaCrypt
0.650459542,-0.073235133,Bengin
0.653823401,-0.073362329,Bengin
0.118904739,-0.065065403,Locky
0.711895213,-0.072078891,Bengin
0.381559877,-0.086316714,Reveton
0.32395851,-0.109100627,Bengin
0.397283017,-0.074488929,Bengin
0.681715521,-0.109196417,Locky
0.416104565,-0.086008703,Reveton
0.532850578,-0.171055352,TeslaCrypt
0.272857054,-0.083129827,Reveton
-0.054855227,0,CryptoWall
0.459819894,-0.085311148,Reveton
0.681729879,-0.109188022,Locky
0.512710566,-0.147949729,Cryptolocker
0.65022259,-0.073200779,Bengin
0.655606036,-0.109511246,Locky
0.153770561,-0.065691178,Locky
0.548527424,-0.115369432,Cerber
0.679999036,-0.1093002,Locky
0.677497766,-0.109539837,Locky
0.661682238,-0.108914536,Locky
0.740960166,-0.141439602,CryptoWall
0.556504467,-0.116940736,Cerber
0.712432177,-0.072146014,Bengin
0.388020547,-0.074416176,Bengin
0.154061135,-0.065465493,Locky
0.487735088,-0.116774825,Cerber
0.661157538,-0.108941186,Locky
0.552768689,-0.147056839,TeslaCrypt
0.513659459,-0.074961671,Bengin
-0.012952488,-0.150600091,Reveton
0.477347967,-0.085126813,Reveton
0.652315968,-0.108622859,Locky
0.661877995,-0.109862585,Locky
0.392367872,-0.0681691,Cryptolocker
0.384955852,-0.088343155,Reveton
0.643533293,-0.073132948,Bengin
0.397294368,-0.074521232,Bengin
0.712427682,-0.07214762,Bengin
0.655580526,-0.109508604,Locky
0.679907572,-0.109302077,Locky
0.184523358,-0.078489629,Reveton
0.564063411,-0.115539297,Cerber
0.771920728,-0.147038785,CryptoWall
-0.093403746,-0.149955291,Genasom
0.552981834,-0.117053372,Cerber
0.652791587,-0.108504754,Locky
0.676236791,-0.109589203,Locky
0.466483089,-0.116275749,Cerber
0.661638023,-0.108906386,Locky
0.643443735,-0.073105866,Bengin
0.118741135,-0.064999794,Locky
0.567691527,-0.155892952,CryptoWall
0.637314824,-0.086437143,Locky
-0.093527474,-0.144507077,Genasom
0.712380826,-0.072147262,Bengin
0.469720204,-0.11444173,Cerber
0.653995663,-0.073360236,Bengin
0.479302116,-0.11514351,Cerber
0.118931604,-0.065078522,Locky
0.559968788,-0.115710219,Cerber
0.553391629,-0.147326276,TeslaCrypt
0.655538147,-0.109514122,Locky
0.581737091,-0.152807182,TeslaCrypt
0.695159837,-0.072404416,Bengin
0.639417308,-0.107059562,Locky
0.652319603,-0.108623907,Locky
0.562346458,-0.153377985,TeslaCrypt
0.660565904,-0.107319556,Locky
0.565694413,-0.155392667,TeslaCrypt
0.556859434,-0.14766437,TeslaCrypt
0.643726639,-0.107476886,Locky
0.372124166,-0.108816543,Cerber
0.491198442,-0.116472245,Cerber
0.520090267,0,Jigsaw
0.646242566,-0.086126356,Locky
0.216342579,-0.095010452,Cerber
0.387198639,-0.087082967,Reveton
0.652323237,-0.108624955,Locky
0.655563228,-0.109505632,Locky
0.32329962,-0.109153808,Bengin
0.499657003,-0.115872809,Cerber
0.560703589,-0.116069232,Cerber
0.643578383,-0.073108976,Bengin
0.655593514,-0.109512049,Locky
0.487836995,-0.074690548,Bengin
0.651925676,-0.073289206,Bengin
0.274641997,-0.083115023,Reveton
0.550295707,-0.116019362,Cerber
0.114517938,-0.06480286,Locky
0.470005448,-0.116187719,Cerber
0.556074137,-0.11683686,Cerber
0.118768008,-0.065012917,Locky
0.396928186,-0.104134566,Cerber
0.553849489,-0.116556175,Cerber
0.646248793,-0.086129954,Locky
0.54378324,-0.116866264,Cerber
0.311067432,0,Locky
0.457861011,-0.115962201,Cerber
0.469171451,-0.116225675,Cerber
0.212179863,0,Cryptolocker
0.184500384,-0.07848385,Reveton
0.501459704,-0.074876002,Bengin
0.117993197,-0.06493416,Locky
0.389508097,-0.08820296,Reveton
0.838153092,-0.150043714,CryptoWall
0.475683612,-0.07088683,Jigsaw
0.564990241,-0.115005954,Cerber
0.655606067,-0.109512394,Locky
0.080788107,-0.064531931,Locky
0.655576194,-0.109507456,Locky
0.552438237,-0.115776555,Cerber
-0.093403639,-0.150117173,Genasom
0.496332927,-0.116500547,Cerber
0.392154607,0,Locky
0.634102027,-0.100646967,Locky
0.554470769,-0.154895936,CryptoWall
0.644999335,-0.086242955,Locky
0.712400618,-0.072134872,Bengin
0.309228401,-0.077793953,Reveton
0.500890185,-0.074821733,Bengin
0.558840217,-0.116211895,Cerber
0.562033602,-0.15161981,TeslaCrypt
0.666919292,-0.085620126,Locky
0.661181766,-0.109494761,Locky
0.565342979,-0.155124338,TeslaCrypt
0.38898749,-0.087529205,Reveton
0.525600056,-0.118960195,Cerber
0.148035838,-0.08782014,Cerber
0.529480878,-0.112570022,Cerber
0.504346558,0,Jigsaw
0.459395373,-0.113858598,Cerber
-0.096465559,-0.143254736,Genasom
0.27611467,-0.083152928,Reveton
0.652689429,-0.073333263,Bengin
0.468240488,-0.085045628,Reveton
0.382444976,-0.074196501,Bengin
0.635971512,-0.086544096,Locky
0.48500226,-0.074684465,Bengin
0.634086426,-0.100640036,Locky
0.317132098,-0.109321453,Bengin
0.387211823,-0.087080046,Reveton
0.513806363,-0.074867493,Bengin
0.476796034,-0.07458078,Bengin
0.500907234,-0.07480938,Bengin
0.672337734,-0.109699547,Locky
0.560639262,-0.117551917,Cerber
0.560990148,-0.149705058,TeslaCrypt
0.054317115,-0.083722851,Reveton
0.454154093,-0.093316318,Jigsaw
0.017458172,0,Locky
-0.093326971,-0.149957941,Genasom
0.692218077,-0.072392806,Bengin
0.475750807,-0.074573403,Bengin
0.682832853,-0.107425285,Locky
0.655557017,-0.109519339,Locky
0.507435584,-0.116811767,Cerber
0.518847153,-0.119632899,Cerber
0.171267825,-0.082376651,Cerber
0.667027579,-0.085605766,Locky
0.791128527,-0.156329757,CryptoWall
0.476713381,-0.07452876,Bengin
0.636121967,0,Jigsaw
0.638592436,-0.107485228,Locky
0.649695803,-0.108814041,Locky
0.495190837,0,Jigsaw
0.469799582,-0.084604842,Reveton
0.11449093,-0.06478972,Locky
0.650218698,-0.073203879,Bengin
0.516850115,-0.119867533,Cerber
0.783800844,-0.141736985,CryptoWall
0.565609835,-0.155388978,TeslaCrypt
0.697711928,-0.072433857,Bengin
0.020166244,-0.079937325,Locky
0.634076472,-0.100635415,Locky
0.640304296,-0.107799403,Locky
0.564840226,-0.115199587,Cerber
0.651819509,-0.073277789,Bengin
0.656035963,-0.099088286,Locky
0.627034122,-0.086557773,Locky
0.389610687,-0.088361408,Reveton
0.453765831,-0.114689946,Cerber
0.560852187,-0.116392831,Cerber
0.53907508,-0.116732601,Cerber
0.391525472,-0.074457526,Bengin
0.651844997,-0.073255975,Bengin
0.521322617,-0.119425933,Cerber
0.480422985,-0.114969333,Cerber
0.652024845,-0.108679453,Locky
0.562517348,-0.114772895,Cerber
0.114113871,-0.064718614,Locky
0.546236671,-0.115840839,Cerber
0.547077149,-0.115766934,Cerber
0.598063766,0.339136873,Petya
0.640312689,-0.107801321,Locky
0.568884329,-0.153722523,TeslaCrypt
0.361977346,-0.106564617,Cerber
0.495601415,-0.116691187,Cerber
0.497974545,-0.086431597,Reveton
0.371795886,0,TeslaCrypt
0.47449045,-0.074494778,Bengin
0.387914976,-0.074368394,Bengin
0.640666749,-0.107892982,Locky
-0.050800451,0.352387204,Petya
0.564387811,-0.154317213,TeslaCrypt
0.64496621,-0.086242005,Locky
0.162639166,-0.086970375,Cerber
0.63887186,-0.109008032,Locky
0.655570698,-0.109505396,Locky
0.651874643,-0.07324874,Bengin
0.602798765,-0.169733335,TeslaCrypt
0.454079778,-0.085610928,Reveton
0.475433145,-0.074548746,Bengin
0.46757117,-0.116168439,Cerber
0.518074271,-0.119601164,Cerber
0.812706466,-0.156005313,CryptoWall
0.38948136,-0.088208961,Reveton
0.560208583,-0.116196838,Cerber
0.483394119,-0.074609803,Bengin
0.54993916,-0.11608493,Cerber
0.523897304,-0.119169992,Cerber
0.174097039,-0.078590459,Reveton
0.678175379,-0.109404378,Locky
0.520761365,-0.112912576,Cerber
0.656843754,-0.109073796,Locky
0.529814702,-0.16933298,TeslaCrypt
0.389493896,-0.088205779,Reveton
0.564897681,0.389044375,Petya
0.078758735,-0.064443817,Locky
0.567595589,-0.116353307,Cerber
0.637293069,-0.086446704,Locky
0.553232395,-0.116645069,Cerber
0.643497787,-0.073065249,Bengin
0.564493115,-0.152856255,TeslaCrypt
0.555926166,-0.116109354,Cerber
0.456380223,-0.115658808,Cerber
0.712042372,-0.07213292,Bengin
0.678191148,-0.109423046,Locky
0.661175926,-0.109490769,Locky
-0.04200155,0,CryptoWall
0.56498857,-0.154446237,TeslaCrypt
-0.012641344,-0.150852196,Reveton
0.561132016,-0.11600066,Cerber
0.499959182,-0.074797683,Bengin
0.467823949,-0.116104909,Cerber
0.638762113,-0.108095076,Locky
0.442162358,-0.115608818,Cerber
0.490334501,-0.086426009,Reveton
0.490940715,-0.117000559,Cerber
0.820951959,-0.139237292,CryptoWall
0.64968397,-0.108812872,Locky
0.04514474,-0.064192634,Locky
0.435696692,-0.116536214,Cerber
0.560728831,-0.11531718,Cerber
0.640190544,-0.106942837,Locky
0.480658352,-0.074791142,Bengin
0.640359944,-0.107875284,Locky
0.784561001,-0.149759092,CryptoWall
0.467799875,-0.116111601,Cerber
0.650280397,-0.108640999,Locky
0.019514162,-0.080132523,Locky
0.38782468,-0.087086395,Reveton
0.652824434,-0.07332257,Bengin
0.485029588,-0.085189215,Reveton
0.64004955,-0.10786553,Locky
0.328108476,-0.098936069,Cryptolocker
0.463232654,-0.086284264,Reveton
0.654108516,-0.073341882,Bengin
0.638296729,-0.100505283,Locky
0.553639401,-0.117214654,Cerber
0.17263973,0,Cerber
-0.097173883,-0.142194161,Genasom
0.557870192,-0.116503072,Cerber
0.651970241,-0.073281969,Bengin
0.652674115,-0.073333263,Bengin
0.476706712,-0.074510143,Bengin
0.563338907,-0.115175555,Cerber
0.556779011,-0.115972967,Cerber
-0.093913464,-0.134826974,Genasom
0.523580211,-0.119103702,Cerber
0.462192001,-0.086318899,Reveton
0.712390011,-0.072145655,Bengin
0.843862725,-0.141507647,CryptoWall
0.214668871,-0.156159247,CryptoWall
0.51379661,-0.07487339,Bengin
0.00929843,-0.075939028,Cerber
0.264092147,-0.082117712,Reveton
0.21612412,-0.163071552,CryptoWall
0.565571561,-0.116186079,Cerber
0.398981261,-0.08822727,Reveton
0.650796366,-0.073243429,Bengin
0.557580827,-0.115400611,Cerber
0.354773508,-0.108780228,Bengin
0.308588965,-0.07841379,Reveton
0.651927594,-0.106930007,Locky
0.548191163,-0.114843772,Cerber
0.451583291,-0.115971251,Cerber
0.650148813,-0.073200735,Bengin
0.708420856,-0.072066847,Bengin
0.453372722,-0.116368894,Cerber
0.388011476,-0.074401112,Bengin
0.583938743,-0.151604544,TeslaCrypt
0.483412556,-0.074576684,Bengin
0.286311996,0,Bengin
0.652779402,-0.07333166,Bengin
0.681595189,-0.109206761,Locky
0.459666708,-0.113566827,Cerber
0.288054469,0,Locky
0.770925961,-0.139370895,CryptoWall
0.317344664,-0.109100365,Bengin
0.515879384,-0.112504987,Cerber
0.569475706,-0.118305676,Cerber
0.017016735,-0.068349248,Cerber
0.553819388,-0.11695786,Cerber
0.640296618,-0.107794153,Locky
0.183406911,-0.079341356,Reveton
0.512173025,-0.119165202,Cerber
0.548398168,-0.114768458,Cerber
0.640364128,-0.107876243,Locky
0.271466875,-0.139449213,CryptoWall
0.375289757,-0.105736687,Cerber
0.685897991,-0.072613481,Bengin
0.377897811,-0.10427099,Cerber
0.469818237,-0.084608722,Reveton
0.519902038,-0.119244975,Cerber
0.556021765,-0.116737083,Cerber
0.64986271,-0.09938735,Locky
0.475761383,-0.074566025,Bengin
0.640294557,-0.107792235,Locky
0.269314466,0,Locky
0.392064194,-0.062829645,Cryptolocker
0.445168987,-0.069770943,Jigsaw
0.559730803,-0.116014188,Cerber
0.512936581,-0.074813464,Bengin
0.382745198,-0.086554729,Reveton
0.614029642,0.257675635,Cryptolocker
0.513766226,-0.074891078,Bengin
0.286320849,0,Bengin
0.572071894,-0.154686093,TeslaCrypt
0.67622093,-0.109581725,Locky
0.400345199,-0.074531966,Bengin
0.412333416,-0.088439665,Reveton
0.400708774,-0.086921125,Reveton
0.283918135,0,Locky
0.49798269,-0.08642901,Reveton
0.553089958,-0.11689328,Cerber
0.253477764,-0.082321151,Reveton
0.560181062,-0.117401062,Cerber
0.848200862,-0.142356132,CryptoWall
0.113943649,0,CryptoWall
0.441705183,-0.060142166,Jigsaw
0.766675374,-0.144880358,CryptoWall
0.600354888,-0.074575374,Bengin
0.762847295,-0.14005025,CryptoWall
0.660556498,-0.107315331,Locky
0.755908214,-0.137869495,CryptoWall
0.471792292,-0.084600681,Reveton
0.48325439,-0.074643706,Bengin
0.65027645,-0.108639951,Locky
0.565291933,-0.155122107,TeslaCrypt
0.473368124,-0.074482113,Bengin
0.67886528,-0.10933559,Locky
0.677499703,-0.109541709,Locky
0.805491677,-0.15420679,CryptoWall
0.627029481,-0.086562549,Locky
0.645005094,-0.086240564,Locky
-0.09259083,-0.149945031,Genasom
0.568244244,-0.117822332,Cerber
0.500897914,-0.074815699,Bengin
0.561594292,-0.15086255,TeslaCrypt
0.643457257,-0.07310271,Bengin
0.557059541,-0.117119827,Cerber
0.529319226,-0.169313495,TeslaCrypt
0.640046838,-0.1078622,Locky
0.324729996,-0.078461545,Reveton
0.565305655,-0.115403128,Cerber
0.6341055,-0.100626009,Locky
0.565652115,-0.155390823,TeslaCrypt
0.565244551,-0.154715483,TeslaCrypt
0.643032392,-0.100364532,Locky
0.515995916,-0.116282138,Cerber
0.220008105,-0.16841439,CryptoWall
0.717162478,-0.072264155,Bengin
0.167060407,-0.090479425,Cerber
0.656852316,-0.109081331,Locky
0.650489308,-0.07321021,Bengin
0.487771243,-0.074734847,Bengin
0.883408839,-0.146344649,CryptoWall
0.655589186,-0.109510901,Locky
0.653357971,-0.073326451,Bengin
0.813182386,-0.144721503,CryptoWall
0.390300107,-0.074421364,Bengin
0.48080102,-0.074681335,Bengin
-0.093707099,-0.145136897,Genasom
0.379641139,-0.103015065,Cerber
0.434611258,-0.116308355,Cerber
0.555252214,-0.117103324,Cerber
0.553582342,-0.116967346,Cerber
0.676234331,-0.109587334,Locky
0.569164711,-0.117972277,Cerber
-0.095238966,-0.143702934,Genasom
0.458107517,-0.085961644,Reveton
0.695146948,-0.07241729,Bengin
0.474424023,-0.074540935,Bengin
0.678182576,-0.109412775,Locky
0.255373484,-0.082247053,Reveton
0.57156178,-0.154242655,TeslaCrypt
0.382784558,-0.086559997,Reveton
0.650455787,-0.073238233,Bengin
0.520462908,-0.132760986,Cryptolocker
0.559809683,-0.117246932,Cerber
0.518854151,-0.119625947,Cerber
0.078728552,-0.064430435,Locky
0.118778886,-0.06502604,Locky
0.647653043,-0.100151012,Locky
0.482949666,-0.1129259,Cerber
0.483391239,-0.074597407,Bengin
0.678184422,-0.109414649,Locky
0.68284279,-0.107425701,Locky
0.324254085,-0.109157383,Bengin
0.627031801,-0.086560161,Locky
0.080834758,-0.064545303,Locky
0.575669066,-0.154816748,TeslaCrypt
0.685894424,-0.072615677,Bengin
0.389817858,-0.085385498,Reveton
0.661329821,-0.109476391,Locky
0.264004064,-0.076506044,Reveton
0.469553376,-0.085037884,Reveton
0.459734274,-0.113273923,Cerber
0.389646273,-0.088366629,Reveton
0.646246732,-0.086117909,Locky
0.562106108,-0.152980703,TeslaCrypt
0.661165986,-0.109488469,Locky
0.588873598,-0.074697655,Bengin
0.387789172,-0.087081189,Reveton
0.637319007,-0.086434753,Locky
0.354764292,-0.108769004,Bengin
0.487843489,-0.074684465,Bengin
0.53136396,-0.172201865,TeslaCrypt
0.607677105,-0.151823218,CryptoWall
0.183605459,-0.080043821,Reveton
0.678185944,-0.109410901,Locky
0.570774487,-0.118479616,Cerber
0.638540006,-0.108831438,Locky
0.637305609,-0.086439533,Locky
0.61458393,-0.086844904,Locky
0.676212992,-0.109577986,Locky
0.054356002,-0.083716468,Reveton
0.47393878,-0.087711167,Reveton
0.019549504,-0.080114694,Locky
0.460030937,-0.114637746,Cerber
0.429372289,0,Jigsaw
0.640649547,-0.107887337,Locky
0.551124482,-0.116834246,Cerber
0.412317439,-0.088442497,Reveton
0.18857171,-0.079145504,Reveton
0.654070284,-0.073356147,Bengin
0.154023878,-0.065452638,Locky
0.559175526,-0.116283477,Cerber
0.153837239,-0.065729708,Locky
0.484829223,-0.085354744,Reveton
0.672331176,-0.109697685,Locky
0.388015849,-0.074383465,Bengin
0.65412566,-0.073354093,Bengin
0.576151935,-0.155108393,TeslaCrypt
0.661892608,-0.109862959,Locky
0.5538863,-0.116546854,Cerber
0.017493525,0,Locky
0.561665982,-0.152667613,TeslaCrypt
0.650493722,-0.07320711,Bengin
0.682831285,-0.107423177,Locky
0.678173529,-0.109402504,Locky
0.497904521,0,Jigsaw
0.136194959,-0.078411064,Reveton
0,0,Bengin
0.638175674,-0.107547577,Locky
0.483406495,-0.074582884,Bengin
-0.093667899,-0.145121425,Genasom
0.655575037,-0.109506544,Locky
0.155499189,-0.065855809,Locky
0.146298071,-0.088920235,Cerber
0.640653763,-0.107888296,Locky
0.475068645,-0.074510475,Bengin
0.547618672,-0.115881008,Cerber
0.184477453,-0.078477909,Reveton
0.274700554,-0.083121325,Reveton
0.64458375,-0.100201789,Locky
0.462309479,-0.114561465,Cerber
0.64974162,-0.099404637,Locky
0.339439891,-0.109100874,Bengin
0.685901557,-0.072611284,Bengin
0,0,Bengin
0.476718821,-0.074522555,Bengin
0.518205975,-0.119996406,Cerber
0.570501809,-0.11833904,Cerber
0.643490568,-0.073074579,Bengin
0.717166512,-0.072262548,Bengin
0.444799466,-0.062972755,TeslaCrypt
-0.095470244,-0.143321529,Genasom
0.310615181,0,Locky
0.712110727,-0.07213292,Bengin
0.697690017,-0.072427109,Bengin
0.456229532,-0.114554969,Cerber
0.790446115,-0.151343166,CryptoWall
0.614584063,-0.086840129,Locky
0.643966841,-0.107587204,Locky
0.56181475,-0.15061698,TeslaCrypt
0.044557512,-0.083876486,Reveton
0.697678945,-0.072427109,Bengin
0.64785843,-0.100150595,Locky
0.473173386,-0.074500019,Bengin
0.657526377,-0.109004851,Locky
0.51382871,-0.074853662,Bengin
0.468421645,-0.085564249,Reveton
0.118087135,-0.064973543,Locky
0.640368312,-0.107877203,Locky
0.466162179,-0.115822584,Cerber
0.51274663,-0.116542056,Cerber
0.653542533,-0.108491696,Locky
0.650463478,-0.073232033,Bengin
0.638543708,-0.108821765,Locky
0.525470298,0,Jigsaw
-0.09511346,-0.142982864,Genasom
-0.067792041,-0.158761136,Reveton
-0.092210482,-0.150191618,Genasom
0.154001612,-0.065439783,Locky
0.451619346,-0.086812257,Jigsaw
0.627033065,-0.086570986,Locky
0.681623709,-0.109201121,Locky
0.663475218,-0.085682386,Locky
0.661167542,-0.108943945,Locky
-0.092770782,-0.149947477,Genasom
0.020130964,-0.079955159,Locky
0.53356001,-0.116679926,Cerber
0.672336599,-0.109701409,Locky
0.533226362,-0.170160929,TeslaCrypt
0.600345869,-0.074572327,Bengin
0.38492338,-0.088348818,Reveton
0.545227408,-0.115792534,Cerber
0.649687966,-0.108813916,Locky
0.682838909,-0.107423592,Locky
0.663456498,-0.085687173,Locky
0.478049262,-0.087755371,Reveton
0.473929557,-0.087713752,Reveton
0.661701149,-0.108922083,Locky
0.550919419,-0.115697144,Cerber
0.643491478,-0.073071469,Bengin
0.472027398,-0.114195392,Cerber
0.706962009,0.251049726,Petya
0.652785076,-0.108503705,Locky
0.269372533,0,Locky
0.557533045,0,Jigsaw
0.513777939,-0.074885183,Bengin
0.562805877,-0.114824441,Cerber
0.644580926,-0.100199467,Locky
0.438859585,-0.112879783,Cerber
-0.075156332,-0.134845128,Genasom
0.47776042,-0.085797622,Reveton
0.377412489,-0.074196443,Bengin
0.467079491,-0.116076292,Cerber
0.676218465,-0.109579855,Locky
0.033691079,-0.084153077,Reveton
0.552989437,-0.116051843,Cerber
0.396842233,-0.102507005,Cerber
0.400708334,-0.086921405,Reveton
0.57004881,-0.118227735,Cerber
0.6616811,-0.108913157,Locky
0.274676322,-0.08311822,Reveton
0.682834186,-0.107417265,Locky
0.697715212,-0.072431938,Bengin
0.593815531,0,Jigsaw
0.717156259,-0.072267908,Bengin
0.526755186,-0.111851965,Cerber
0.559249957,-0.117302492,Cerber
0.15382514,-0.065768229,Locky
0.566372554,-0.15525404,TeslaCrypt
0.64497326,-0.086239615,Locky
0.481774733,-0.086314992,Reveton
0.741289926,-0.137261917,CryptoWall
0.653362946,-0.073323384,Bengin
0.516437884,-0.112385233,Cerber
-0.024074147,0,Locky
0.697708481,-0.072430018,Bengin
0.366820365,-0.105910691,Cerber
0.682835761,-0.107419374,Locky
0.461435285,-0.086285751,Reveton
0.56624022,-0.117767764,Cerber
0.399427499,-0.08857485,Reveton
0.286329698,0,Bengin
0.634097055,-0.100644656,Locky
0.654118621,-0.073335749,Bengin
0.473512676,-0.116189216,Cerber
0.640197474,-0.106944296,Locky
0.195497855,-0.082729647,Cerber
0.499109234,-0.086422697,Reveton
0.64324687,-0.100362218,Locky
0.519145785,-0.119880737,Cerber
0.153985467,-0.065543083,Locky
0.539776109,-0.116610286,Cerber
0.463237571,-0.086281277,Reveton
0.638179902,-0.107548538,Locky
0.224061705,-0.082239177,Cerber
0.505971209,-0.113481142,Cerber
0.65278437,-0.073328592,Bengin
0.5411908,-0.11665181,Cerber
0.619952757,-0.086776774,Locky
0.574657364,0,Jigsaw
0.5505901,-0.115815625,Cerber
0.486085724,-0.115266179,Cerber
0.48693412,-0.115070454,Cerber
0.681716071,-0.109198297,Locky
0.717153414,-0.072269514,Bengin
0.634996375,-0.107547028,Locky
0.567004488,-0.118028396,Cerber
0.63728754,-0.086449094,Locky
0.410618212,0,Locky
0.68590848,-0.072606891,Bengin
0.397286723,-0.074496369,Bengin
-0.093903403,-0.150231707,Genasom
0.768994089,-0.141625002,CryptoWall
0.643464834,-0.073095445,Bengin
0.388016015,-0.074408644,Bengin
0.464736746,-0.074446854,Bengin
0.560967847,-0.116053166,Cerber
0.640308493,-0.107800362,Locky
0.640294585,-0.107795112,Locky
0.177668409,-0.087313908,Cerber
0.516730333,0,Jigsaw
0.562187839,-0.150482382,TeslaCrypt
0.633648797,0,Jigsaw
0.515637917,-0.133317021,Cryptolocker
0.071173378,-0.164760009,CryptoWall
0.657526781,-0.085860257,Locky
0.65491755,-0.099196492,Locky
0.153792789,-0.065704022,Locky
0.647859696,-0.100147526,Locky
0.277230468,0,Bengin
0.563254739,-0.115967214,Cerber
0.715427588,-0.072183807,Bengin
0.510151763,-0.148284682,Cryptolocker
0.483478848,-0.074531504,Bengin
0.553228343,-0.146869108,TeslaCrypt
0.654113569,-0.073338816,Bengin
0.447358413,-0.115902532,Cerber
0.661885627,-0.109861695,Locky
0.622966913,0,Jigsaw
0.627052549,-0.086552998,Locky
0.556566646,-0.147312451,TeslaCrypt
0.56793292,-0.118937567,Cerber
0.564627325,-0.154312931,TeslaCrypt
0.44783279,-0.076922026,Jigsaw
0.722009175,0.180583317,Petya
0.38793447,-0.07437593,Bengin
0.663484581,-0.085679993,Locky
0.390304378,-0.074428895,Bengin
0.481783296,-0.086312405,Reveton
0.558721608,-0.116177719,Cerber
0.559157717,-0.116128007,Cerber
0.651869443,-0.073251838,Bengin
0.559740138,-0.115581972,Cerber
0.461044615,-0.114611732,Cerber
0.661694134,-0.108920703,Locky
0.554975227,-0.116333299,Cerber
0.38464396,0,Locky
0.560544279,-0.11584949,Cerber
0.389805698,-0.085388171,Reveton
0.218115191,-0.15873741,CryptoWall
0.510631263,-0.113613077,Cerber
0.649877427,-0.099382712,Locky
0.893649152,-0.15067125,CryptoWall
0.154028232,-0.065562323,Locky
0.6817116,-0.109194538,Locky
0.47808785,-0.085143846,Reveton
0.556558762,-0.116990913,Cerber
0.672327354,-0.109695822,Locky
0.405775001,-0.08596762,Reveton
0.459758399,-0.114396945,Cerber
0.387815141,-0.087089317,Reveton
0.587060743,-0.074703675,Bengin
0.55551185,-0.116824741,Cerber
0.635000988,-0.107547988,Locky
0.518063628,-0.119742019,Cerber
0.644992898,-0.086227341,Locky
0.64498714,-0.086229732,Locky
0.667006869,-0.085610553,Locky
0.564800305,-0.115209772,Cerber
0.771320601,-0.142149581,CryptoWall
0.317344664,-0.109100365,Bengin
0.513679047,-0.074949883,Bengin
0.466912501,-0.07446925,Bengin
0.640204404,-0.106945755,Locky
0.483336285,-0.074659013,Bengin
0.476785161,-0.074605434,Bengin
0.647861852,-0.100158632,Locky
0.561799219,-0.151237788,TeslaCrypt
0.477909115,-0.115029529,Cerber
0.496242349,-0.116645902,Cerber
0.661693839,-0.108919324,Locky
0.461445348,-0.086283089,Reveton
0.469559953,-0.085035458,Reveton
0.482133528,-0.113839306,Cerber
0.486665345,-0.114191734,Cerber
0.390327605,-0.074443954,Bengin
0.661904089,-0.109865488,Locky
0.649739552,-0.099402322,Locky
0.566606864,-0.117879362,Cerber
0.467360231,-0.115599289,Cerber
0.561332167,-0.149754642,TeslaCrypt
0.48368395,-0.116937363,Cerber
0.505336802,-0.116528431,Cerber
0.655571862,-0.109506307,Locky
0.560168997,-0.11620677,Cerber
0.308609664,-0.078411149,Reveton
0.497217043,-0.116805212,Cerber
0.655382256,-0.073341882,Bengin
-0.042363804,0,CryptoWall
0.026421821,-0.085334773,Reveton
0.644999956,-0.08622495,Locky
0.153859462,-0.065742549,Locky
0.080757946,-0.064518557,Locky
0.678186268,-0.109416523,Locky
0.055986168,-0.079624429,Reveton
0.510314557,-0.11325859,Cerber
0.6762264,-0.109583595,Locky
0.388275227,0,Locky
0.549426161,-0.101148832,TeslaCrypt
0.787930746,-0.150733857,CryptoWall
0.389476256,-0.088197739,Reveton
0.483330826,-0.074652815,Bengin
0.563762887,0.172754233,Cryptolocker
0.649864372,-0.099390841,Locky
0.57911234,-0.003960031,Cryptolocker
0.56959872,-0.118115725,Cerber
0.47543088,-0.074556126,Bengin
0.557041553,-0.148134629,TeslaCrypt
0.396304168,0,Locky
0.476793234,-0.074573403,Bengin
0.562360098,-0.151884537,TeslaCrypt
0.649727135,-0.099397089,Locky
0.652030551,-0.108680833,Locky
0.466935888,-0.074475584,Bengin
0.640313836,-0.107804653,Locky
0.662789867,-0.108884233,Locky
-0.093677873,-0.150073487,Genasom
0.666997048,-0.085612947,Locky
0.482013063,-0.08581896,Reveton
0.672340417,-0.109703272,Locky
0.404607512,0,Reveton
0.438438507,-0.116589687,Cerber
0.118821748,-0.065039162,Locky
0.461417153,-0.086278216,Reveton
0.493391048,-0.114182968,Cerber
0.391555825,-0.057467003,Cryptolocker
0.474422247,-0.074547268,Bengin
0.634092081,-0.100642346,Locky
0.443828349,-0.11565246,Cerber
0.328695456,-0.096271485,Cryptolocker
0.118020124,-0.064947289,Locky
0.437030686,-0.046523052,Jigsaw
0.466249324,-0.115890603,Cerber
0.474496122,-0.074488446,Bengin
0.183429675,-0.079347097,Reveton
-0.051313331,0,CryptoWall
0.39151372,-0.074442654,Bengin
0.558293444,-0.115721832,Cerber
-0.095053661,-0.143599058,Genasom
0.498938666,-0.074775197,Bengin
0.572259436,-0.153988598,TeslaCrypt
0.48073113,-0.074732563,Bengin
0.631369709,-0.074575556,Bengin
0.465318975,-0.074456582,Bengin
0.656849962,-0.109084087,Locky
0.549568759,-0.112844553,Cerber
0.649769948,-0.099400588,Locky
0.638174788,-0.10755624,Locky
0.483260714,-0.074637623,Bengin
0.673727293,-0.109664511,Locky
-0.094836056,-0.143336651,Genasom
0.643970365,-0.107588167,Locky
0.61458413,-0.086837742,Locky
0.015285774,0,Locky
0.692182071,-0.07238826,Bengin
0.655567573,-0.109506781,Locky
0.425570382,-0.086055683,Reveton
0.277239344,0,Bengin
0.400614736,-0.088215901,Reveton
0.534603889,-0.1166822,Cerber
0.02107438,-0.073393155,Cerber
0.67623187,-0.109585464,Locky
0.560177789,-0.116472003,Cerber
0.643552617,-0.073129839,Bengin
0.817012662,-0.145552382,CryptoWall
0.118958467,-0.06509164,Locky
0.513669255,-0.074955777,Bengin
0.324243516,-0.109146235,Bengin
0.176628748,-0.083959484,Cerber
0.455126541,-0.095797065,Jigsaw
0.510693548,-0.113221557,Cerber
0.89163724,-0.150441661,CryptoWall
0.516295531,-0.116013479,Cerber
0.562140165,-0.115831085,Cerber
0.367777445,-0.107783227,Cerber
0.457227759,-0.114341944,Cerber
0.672850529,-0.085397131,Locky
0.637301428,-0.086441923,Locky
0.481993036,-0.08456281,Reveton
0.640109552,-0.108089296,Locky
0.562033613,-0.115249078,Cerber
0.384986169,-0.074343979,Bengin
0.456634026,-0.112639055,Cerber
0.652705521,-0.073322959,Bengin
0.281193183,0,Locky
0.558021694,-0.114989718,Cerber
0.656844337,-0.109082709,Locky
0.5144679,-0.11380795,Cerber
0.564987893,-0.115332007,Cerber
0.792823948,-0.152429271,CryptoWall
0.564892355,-0.154444774,TeslaCrypt
0.692223265,-0.072390887,Bengin
0.632863528,-0.073037526,Bengin
0.531577008,-0.169553486,TeslaCrypt
0.420214701,-0.074542174,Bengin
0.63408145,-0.100637725,Locky
0.652700527,-0.073326048,Bengin
0.414913256,-0.074539634,Bengin
0.660562386,-0.107317444,Locky
0.521334888,-0.119109427,Cerber
0.377398057,-0.074178701,Bengin
0.561590591,-0.150122799,TeslaCrypt
0.514960217,-0.119466876,Cerber
0.155536314,-0.065868632,Locky
0.712420735,-0.072160539,Bengin
0.653889309,-0.073360236,Bengin
0.643504295,-0.073156917,Bengin
0.644733439,-0.108820126,Locky
0.521390947,-0.119095077,Cerber
0.661626011,-0.108903628,Locky
0.389504654,-0.088192102,Reveton
0.695166902,-0.072400578,Bengin
0.879827119,-0.146227053,CryptoWall
0.568320146,-0.11625559,Cerber
0.539969545,-0.113269928,Cerber
0.454073449,-0.085613799,Reveton
0.708465339,-0.072068526,Bengin
0.476796034,-0.07458078,Bengin
0.561652968,-0.150124601,TeslaCrypt
0.708462264,-0.072070134,Bengin
0.666933505,-0.085617733,Locky
0.633107801,-0.07303857,Bengin
0.662796767,-0.108881474,Locky
0.476776716,-0.074622709,Bengin
0.41230146,-0.088445328,Reveton
0.561787237,-0.116279551,Cerber
0.640301513,-0.107796071,Locky
0.465904401,-0.087682044,Reveton
0.706962009,0.251049726,Petya
-0.096872824,-0.142337768,Genasom
0.438598469,-0.11289622,Cerber
0.419962706,-0.074542174,Bengin
0.534422583,-0.116564798,Cerber
0.471769877,-0.085084724,Reveton
0.469542846,-0.085043034,Reveton
0.483323141,-0.074595418,Bengin
0.816865392,-0.156870994,CryptoWall
0.382820324,-0.086565267,Reveton
0.48065567,-0.074798517,Bengin
0.463191803,-0.086309772,Reveton
0.663446085,-0.085689566,Locky
0.654919341,-0.099198812,Locky
0.480870696,-0.074630082,Bengin
0.260939546,-0.082218095,Reveton
0.66280366,-0.108882854,Locky
0.327959199,-0.093593232,Cryptolocker
0.643021242,-0.100366846,Locky
0.492498303,-0.115778566,Cerber
0.476462098,-0.087180238,Reveton
0.473368124,-0.074482113,Bengin
0.650006619,-0.073199652,Bengin
0.18453955,-0.078493797,Reveton
0.655579374,-0.109507693,Locky
0.681729325,-0.109186142,Locky
0.476701289,-0.074516349,Bengin
0.667110307,-0.085603373,Locky
0.510851807,-0.113957947,Cerber
0.692172238,-0.072390179,Bengin
0.661172377,-0.109489619,Locky
0.475536579,-0.075936948,Jigsaw
0.663436731,-0.08569196,Locky
0.562900544,-0.115023322,Cerber
0.66698723,-0.08561534,Locky
0.453002456,-0.090369386,Jigsaw
0.397290422,-0.074503808,Bengin
0.329701261,-0.091712373,Cryptolocker
0.649636511,-0.108815615,Locky
0.682837335,-0.107421483,Locky
0.657518707,-0.08586265,Locky
0.462309479,-0.114561465,Cerber
0.649737484,-0.099400006,Locky
0.555182418,-0.115917187,Cerber
0.643475246,-0.073180882,Bengin
0.270244018,-0.083230271,Reveton
0.584082484,-0.151606939,TeslaCrypt
0.773043272,-0.139834995,CryptoWall
0.019606593,-0.0802213,Locky
0.465310695,-0.07446925,Bengin
0.591430799,-0.166399827,TeslaCrypt
0.563102837,-0.1156927,Cerber
0.588874882,-0.074694235,Bengin
0.601191446,-0.168781709,TeslaCrypt
0.483163022,0,Jigsaw
0.371964031,-0.108880736,Cerber
0.589713137,-0.074697751,Bengin
0.483330188,-0.07466521,Bengin
0.558593604,-0.148495487,TeslaCrypt
0.391837557,-0.06015077,Cryptolocker
0.116415781,-0.064892033,Locky
0.527253619,0,Jigsaw
0.513755517,-0.074896973,Bengin
0.712440544,-0.07214762,Bengin
0.612722419,0,Jigsaw
0.708459189,-0.072071741,Bengin
0.643477918,-0.073183992,Bengin
0.614593162,-0.086844681,Locky
0.66189711,-0.109864224,Locky
0.483396717,-0.074603605,Bengin
0.459191352,-0.113940692,Cerber
0.349656674,-0.109101121,Bengin
0.661279065,-0.108939806,Locky
0.64353011,-0.073136058,Bengin
0.484996622,-0.074678502,Bengin
0.492670634,-0.116811267,Cerber
0.118130067,-0.064986669,Locky
0.384940606,-0.088345986,Reveton
0.469549424,-0.085040609,Reveton
0.529808981,-0.169333715,TeslaCrypt
0.400472029,-0.091352321,Reveton
0.71238387,-0.072145655,Bengin
0.565406927,-0.115097613,Cerber
0.661630989,-0.108905007,Locky
0.392653586,-0.085664978,Reveton
0.392241528,-0.065502722,Cryptolocker
0.661162541,-0.108942566,Locky
0.640645331,-0.107886377,Locky
0.153963213,-0.065530228,Locky
0.510001368,-0.116441184,Cerber
0.619977999,-0.086785211,Locky
0.715461331,-0.072183807,Bengin
0.632080016,-0.074576603,Bengin
0.476787637,-0.074598059,Bengin
0.078788916,-0.064457198,Locky
0.643809193,-0.107593541,Locky
0.384950887,-0.088340323,Reveton
0.465314838,-0.074462917,Bengin
0.644959161,-0.086244396,Locky
0.41022845,0,Jigsaw
0.649679973,-0.108811828,Locky
0.39032335,-0.074436425,Bengin
0.153815015,-0.065716866,Locky
0.561048493,-0.117661715,Cerber
0.225984289,-0.081030227,Reveton
0.656841055,-0.109078575,Locky
0.474827663,-0.114392843,Cerber
0.643481106,-0.073180882,Bengin
0.416097642,0,Locky
0.619685233,-0.086788804,Locky
0.676231901,-0.109592912,Locky
0.712429425,-0.072158932,Bengin
0.667017754,-0.08560816,Locky
0.556541239,-0.11646868,Cerber
0.633385877,-0.07303857,Bengin
0.501393264,-0.074892236,Bengin
0.474497879,-0.074482113,Bengin
0.560859685,-0.116108443,Cerber
0.114126494,-0.064738301,Locky
0.391507236,-0.074450086,Bengin
0.467505143,-0.115917729,Cerber
0.650230495,-0.108638374,Locky
0.504941638,-0.113334582,Cerber
0.585280934,-0.165804113,TeslaCrypt
0.162131065,0,Locky
0.643812856,-0.107594503,Locky
-0.073478136,-0.066001405,Cerber
0.681594058,-0.109203001,Locky
0.661029312,-0.109507402,Locky
0.534669204,-0.116618004,Cerber
0.153959562,-0.081902347,Reveton
0.712411443,-0.072165898,Bengin
0.627050228,-0.086555386,Locky
0.638300249,-0.100502293,Locky
0.145452186,-0.087764077,Cerber
0.118861882,-0.065052283,Locky
0.48408804,-0.074678502,Bengin
0.585280934,-0.165804113,TeslaCrypt
-0.09312368,-0.149960497,Genasom
0.644578102,-0.100197146,Locky
0.51807914,-0.133039159,Cryptolocker
0.653548901,-0.108492746,Locky
0.712418052,-0.072162146,Bengin
0.649688967,-0.108812997,Locky
0.556415393,-0.147310069,TeslaCrypt
0.474148322,-0.115843829,Cerber
0.400815716,-0.086615064,Reveton
0.387803773,-0.087092597,Reveton
0.667120149,-0.08560098,Locky
0.40551029,0,Locky
0.649766487,-0.099402904,Locky
0.652767444,-0.07332257,Bengin
0.474416561,-0.0745536,Bengin
0.51435505,-0.116188494,Cerber
0.685905019,-0.072609088,Bengin
0.480661026,-0.074783765,Bengin
0.559255376,-0.116590428,Cerber
0.640110213,-0.108090251,Locky
0.654126657,-0.073332682,Bengin
0.633383603,-0.073041684,Bengin
0.418520192,-0.074542174,Bengin
0.637297248,-0.086444314,Locky
0.51368706,-0.074943988,Bengin
0.333269821,-0.108776632,Bengin
0.660823055,-0.108947319,Locky
0.656846686,-0.109079953,Locky
0.681594624,-0.109204881,Locky
0.653358925,-0.073327522,Bengin
0.640292415,-0.107793194,Locky
