file-crypt,file-register,file-socket,crypt-register,crypt-socket,register-socket,label,,,,FC,FR,FS,CR,CS,RS
-0.122106772,-0.134822836,-0.115802575,-0.089613521,-0.06262966,0.949870362,3,,,Cerber,-0.096831977,-0.203652332,-0.0762953,-0.133501635,-0.062327211,0.538790903
-0.121899223,-0.133158904,-0.111843956,-0.088900217,-0.062626499,0.946792594,3,,,CryptoLocker,0.793223544,-0.114946973,0.012602906,-0.129867665,0.121397764,-0.190833664
-0.102493779,-0.133968256,-0.081072358,-0.099639696,-0.062495637,0.837115973,3,,,CryptoWall,0.078652491,-0.125191677,-0.221232522,-0.095701389,0.093453368,-0.163935739
-0.101601943,-0.167281691,-0.079594082,-0.124384115,-0.062495637,0.741176242,3,,,Genasom,-0.040374933,0.1452902,-0.077653157,-0.075687863,0.27715254,0.067218292
-0.101570576,-0.157653916,-0.078904189,-0.11971885,-0.062495637,0.801407641,3,,,Jigsaw,0.631070301,-0.218399234,0,-0.117702412,0,0
-0.114843586,-0.166651314,-0.094622403,-0.11542687,-0.062528964,0.838710139,3,,,Locky,-0.087309598,-0.038972368,0.250675145,-0.116159004,-0.055600023,0.393528317
-0.113995861,-0.164932222,-0.094561807,-0.115412446,-0.062528964,0.836408769,3,,,Petya,0.245439351,-0.12587948,-0.098171689,-0.026514735,-0.028931878,-0.114162763
-0.099655362,-0.149330463,-0.078568757,-0.114037489,-0.062368805,0.827609239,3,,,Reveton,-0.051026058,0.271773947,-0.155812063,-0.140383972,-0.053432696,-0.017971168
-0.106447627,-0.15316156,-0.086021459,-0.111594431,-0.062407064,0.847919108,3,,,Teslacrypt,-0.010248674,-0.096352837,-0.123187283,-0.124919195,0.395251724,-0.173446539
-0.097360027,-0.141647125,-0.07648465,-0.110156534,-0.062259439,0.841436133,3,,,Benign,-0.054207708,-0.087002458,-0.024519367,-0.111514466,-0.054602651,0.210074194
-0.097471838,-0.135773912,-0.07658185,-0.105297534,-0.062258769,0.631312579,3,,,,,,,,,
-0.096513405,-0.152986287,-0.075837895,-0.117207222,-0.062258769,0.603438596,3,,,,,,,,,
-0.096506874,-0.154463882,-0.075812931,-0.118760427,-0.062258769,0.604609987,3,,,,,,,,,
-0.090545673,-0.14816739,-0.069782485,-0.117900487,-0.062236958,0.625567626,3,,,,,,,,,
-0.095738919,-0.177085118,-0.085278252,-0.117499925,-0.062236958,0.649498199,3,,,,,,,,,
-0.095740149,-0.172398784,-0.08514468,-0.110911091,-0.06223942,0.585489111,3,,,,,,,,,
-0.095749419,-0.172087016,-0.085154639,-0.11137532,-0.06223942,0.590274616,3,,,,,,,,,
-0.09575174,-0.172083323,-0.085140438,-0.111377462,-0.06223942,0.590272067,3,,,,,,,,,
-0.095752838,-0.172084863,-0.085141269,-0.111377462,-0.06223942,0.590272067,3,,,,,,,,,
-0.095825234,-0.16887154,-0.084414685,-0.105768606,-0.062190778,0.528464488,3,,,,,,,,,
-0.096769,-0.166410608,-0.083216463,-0.107468049,-0.062192035,0.546106798,3,,,,,,,,,
-0.09670337,-0.167411261,-0.083233552,-0.108317713,-0.061933439,0.542574698,3,,,,,,,,,
-0.094405502,-0.163978598,-0.080307202,-0.108276504,-0.061896712,0.557667401,3,,,,,,,,,
-0.101457265,-0.167375128,-0.073780549,-0.109587258,-0.062267705,0.598633217,3,,,,,,,,,
-0.101274197,-0.17351976,-0.073628466,-0.113928323,-0.062267705,0.590397223,3,,,,,,,,,
-0.103461494,-0.16911028,-0.066337806,-0.114536885,-0.062359656,0.618601475,3,,,,,,,,,
-0.102930073,-0.169480022,-0.066106162,-0.11429058,-0.062344763,0.614344173,3,,,,,,,,,
-0.102618667,-0.174313309,-0.065800656,-0.117625267,-0.062344763,0.60476026,3,,,,,,,,,
-0.098900765,-0.184270816,-0.075101242,-0.118511814,-0.062344763,0.432599757,3,,,,,,,,,
-0.09877125,-0.186698552,-0.07490898,-0.120411397,-0.062344763,0.433108578,3,,,,,,,,,
-0.098440311,-0.186091295,-0.074500331,-0.120327293,-0.062344342,0.443742307,3,,,,,,,,,
-0.098068064,-0.185503277,-0.073950427,-0.120398684,-0.062332608,0.452637287,3,,,,,,,,,
-0.098068149,-0.18550488,-0.073948712,-0.120400175,-0.062332608,0.452633051,3,,,,,,,,,
-0.098068529,-0.185505474,-0.073949046,-0.120400175,-0.062332608,0.452633051,3,,,,,,,,,
-0.097948215,-0.187305734,-0.073402857,-0.122103294,-0.062378964,0.455393848,3,,,,,,,,,
-0.097915448,-0.18909482,-0.072908745,-0.123610307,-0.06240679,0.456848374,3,,,,,,,,,
-0.097913207,-0.188553703,-0.072815933,-0.123962765,-0.06240679,0.478013652,3,,,,,,,,,
-0.097513256,-0.187796327,-0.072288531,-0.123907686,-0.062403784,0.486015123,3,,,,,,,,,
-0.097714201,-0.187658001,-0.072421344,-0.12392077,-0.062406651,0.49463497,3,,,,,,,,,
-0.097504708,-0.188755796,-0.074226776,-0.123946778,-0.062406651,0.50302095,3,,,,,,,,,
-0.097164301,-0.187814612,-0.073689708,-0.123728426,-0.062403918,0.510024067,3,,,,,,,,,
-0.097164841,-0.187969618,-0.073687755,-0.124019987,-0.062403918,0.511843704,3,,,,,,,,,
-0.096785312,-0.186965162,-0.073180934,-0.123804273,-0.062396378,0.518611695,3,,,,,,,,,
-0.096786408,-0.186895339,-0.073179568,-0.123909202,-0.062396378,0.520586882,3,,,,,,,,,
-0.096783335,-0.187122032,-0.073255547,-0.12238346,-0.062388021,0.506450429,3,,,,,,,,,
-0.096371382,-0.186317337,-0.072732468,-0.122351015,-0.06238033,0.512113279,3,,,,,,,,,
-0.096336272,-0.187213236,-0.07267282,-0.123138118,-0.06238033,0.512042125,3,,,,,,,,,
-0.096330097,-0.188546375,-0.072315092,-0.122327038,-0.06237429,0.503969788,3,,,,,,,,,
-0.09589582,-0.187449542,-0.07180765,-0.122138188,-0.062366048,0.510353012,3,,,,,,,,,
-0.095897989,-0.189282459,-0.071513127,-0.123628092,-0.062366048,0.507307384,3,,,,,,,,,
-0.095897989,-0.225897699,-0.071513127,-0.146841906,-0.062366048,0.427019375,3,,,,,,,,,
-0.095890947,-0.225932551,-0.071489395,-0.146889833,-0.062296771,0.42669793,3,,,,,,,,,
-0.096546465,-0.226473431,-0.072520725,-0.146877694,-0.062300907,0.433861194,3,,,,,,,,,
-0.096543365,-0.225907086,-0.072484143,-0.146953102,-0.062300907,0.446812861,3,,,,,,,,,
-0.096403082,-0.227169106,-0.072334863,-0.147978994,-0.062300907,0.446777977,3,,,,,,,,,
-0.095913589,-0.228416233,-0.075203957,-0.147951381,-0.062300907,0.453401438,3,,,,,,,,,
-0.095924651,-0.22791806,-0.075237499,-0.1468,-0.062298031,0.449485818,3,,,,,,,,,
-0.095922269,-0.22714451,-0.075218388,-0.146756485,-0.062298031,0.464432703,3,,,,,,,,,
-0.095591552,-0.226394955,-0.074746793,-0.146637094,-0.062293599,0.463897472,3,,,,,,,,,
-0.096036044,-0.226605411,-0.075298665,-0.146570451,-0.062297846,0.469998453,3,,,,,,,,,
-0.095683459,-0.22567449,-0.074828592,-0.146369056,-0.062287149,0.470400076,3,,,,,,,,,
-0.095683641,-0.225459149,-0.074826875,-0.146388744,-0.062287149,0.472860894,3,,,,,,,,,
-0.096120163,-0.225550482,-0.075488978,-0.146312528,-0.062291169,0.478736807,3,,,,,,,,,
-0.09612068,-0.225341223,-0.075488748,-0.146261604,-0.062291169,0.480792395,3,,,,,,,,,
-0.09612068,-0.225341223,-0.075488748,-0.146261604,-0.062291169,0.480792395,3,,,,,,,,,
-0.096121256,-0.225171431,-0.075488596,-0.146277056,-0.062291169,0.482979177,3,,,,,,,,,
-0.096078171,-0.225951365,-0.07538903,-0.146959289,-0.062291169,0.483090633,3,,,,,,,,,
-0.095707961,-0.224950909,-0.074912533,-0.146751314,-0.062284679,0.483066059,3,,,,,,,,,
-0.095717388,-0.22421643,-0.074951286,-0.145514059,-0.062288603,0.470940565,3,,,,,,,,,
-0.095343906,-0.223094849,-0.074465564,-0.145369738,-0.062281522,0.475863494,3,,,,,,,,,
-0.095058168,-0.224713866,-0.077510362,-0.145183469,-0.062281522,0.488335814,3,,,,,,,,,
-0.095351714,-0.225063755,-0.077788064,-0.145167334,-0.062285492,0.488402351,3,,,,,,,,,
-0.095250488,-0.2264399,-0.077588695,-0.146276971,-0.062285492,0.486511067,3,,,,,,,,,
-0.095567988,-0.225571025,-0.077199059,-0.146143916,-0.062289354,0.493010813,3,,,,,,,,,
-0.095583482,-0.224426165,-0.0770375,-0.144656723,-0.062284659,0.480021337,3,,,,,,,,,
-0.095530035,-0.224893784,-0.076916411,-0.145119619,-0.062289105,0.480301896,3,,,,,,,,,
-0.095531989,-0.224900659,-0.076679345,-0.145300388,-0.062320921,0.4824642,3,,,,,,,,,
-0.0952443,-0.223765381,-0.076264664,-0.145016867,-0.062315601,0.486986442,3,,,,,,,,,
-0.094940394,-0.222625845,-0.075857885,-0.144737431,-0.062310331,0.491344171,3,,,,,,,,,
-0.094889275,-0.222994868,-0.076586765,-0.144668186,-0.062310331,0.495955978,3,,,,,,,,,
-0.094509713,-0.22291709,-0.076540987,-0.144823056,-0.06231091,0.500145672,3,,,,,,,,,
-0.094509713,-0.222919616,-0.076540987,-0.144824735,-0.06231091,0.500142914,3,,,,,,,,,
-0.09458969,-0.222215924,-0.076357064,-0.144631602,-0.062315958,0.510299929,3,,,,,,,,,
-0.09458612,-0.221367507,-0.0762922,-0.144430006,-0.062320831,0.5202266,3,,,,,,,,,
-0.094596852,-0.220740486,-0.076187728,-0.143151645,-0.062317086,0.512578607,3,,,,,,,,,
-0.094535898,-0.221164527,-0.076081754,-0.143575442,-0.062320231,0.512237911,3,,,,,,,,,
-0.094536331,-0.221008939,-0.076081625,-0.143524579,-0.062320231,0.513491375,3,,,,,,,,,
-0.0945365,-0.221009258,-0.076081775,-0.143524579,-0.062320231,0.513491375,3,,,,,,,,,
-0.094275458,-0.219948826,-0.075694695,-0.143260901,-0.0623163,0.517323334,3,,,,,,,,,
-0.094082114,-0.221988183,-0.075409095,-0.144801726,-0.062333118,0.512754483,3,,,,,,,,,
-0.094082613,-0.221811731,-0.075409082,-0.144777529,-0.062333118,0.513915079,3,,,,,,,,,
-0.09408332,-0.221633493,-0.075400199,-0.144723306,-0.062333118,0.515130744,3,,,,,,,,,
-0.093809697,-0.220557329,-0.075027623,-0.144457113,-0.062328053,0.518687736,3,,,,,,,,,
-0.093816534,-0.219870128,-0.075049325,-0.143326166,-0.062330151,0.510131776,3,,,,,,,,,
-0.093818181,-0.219948813,-0.075405161,-0.143254803,-0.062330151,0.51396632,3,,,,,,,,,
-0.093688846,-0.220759834,-0.075237795,-0.143965845,-0.062330151,0.511555412,3,,,,,,,,,
-0.09369635,-0.220385484,-0.075176481,-0.142850232,-0.062326305,0.507187864,3,,,,,,,,,
-0.093670038,-0.220643381,-0.075143042,-0.143151925,-0.062326305,0.506694746,3,,,,,,,,,
-0.093666571,-0.2199838,-0.075092915,-0.142987563,-0.062328574,0.515173683,3,,,,,,,,,
-0.093669823,-0.220550285,-0.075964002,-0.14291757,-0.062328574,0.518794724,3,,,,,,,,,
-0.094677967,-0.223396627,-0.077996878,-0.14257519,-0.062324142,0.50557877,3,,,,,,,,,
-0.0946835,-0.222792713,-0.077947591,-0.141467642,-0.062323494,0.497753491,3,,,,,,,,,
-0.094522256,-0.22206494,-0.07774486,-0.141258094,-0.062319131,0.501047044,3,,,,,,,,,
-0.094358408,-0.221298259,-0.077477854,-0.141042702,-0.062319089,0.504201364,3,,,,,,,,,
-0.094348597,-0.221067465,-0.077473933,-0.140989995,-0.062319089,0.507635647,3,,,,,,,,,
-0.094255168,-0.221422013,-0.078263453,-0.140933386,-0.062319089,0.511055993,3,,,,,,,,,
-0.09508067,-0.219873907,-0.075979739,-0.140657342,-0.062316783,0.520983348,3,,,,,,,,,
-0.095285045,-0.219228684,-0.075548123,-0.140582096,-0.062318858,0.527918311,3,,,,,,,,,
-0.095285045,-0.219229953,-0.075548123,-0.140582916,-0.062318858,0.527915913,3,,,,,,,,,
-0.095275718,-0.218718585,-0.075581157,-0.140423318,-0.062319231,0.521545974,3,,,,,,,,,
-0.095268441,-0.218915878,-0.07555401,-0.140654007,-0.062319231,0.521330784,3,,,,,,,,,
-0.095268074,-0.21875033,-0.075553244,-0.140641257,-0.062319231,0.522055828,3,,,,,,,,,
-0.09506137,-0.219148065,-0.076586203,-0.140579864,-0.062319231,0.525145186,3,,,,,,,,,
-0.094962809,-0.218559579,-0.076401296,-0.140369032,-0.062314953,0.527800877,3,,,,,,,,,
-0.095473791,-0.218389825,-0.075016853,-0.140638463,-0.06233551,0.527892704,3,,,,,,,,,
-0.095371003,-0.2190991,-0.074902901,-0.141244159,-0.06233551,0.526178488,3,,,,,,,,,
-0.095371965,-0.218543656,-0.074877556,-0.141108147,-0.06233551,0.53185364,3,,,,,,,,,
-0.095371739,-0.218427035,-0.074876311,-0.141068251,-0.06233551,0.5326759,3,,,,,,,,,
-0.095300537,-0.218129512,-0.074728363,-0.140925452,-0.062331766,0.532304392,3,,,,,,,,,
-0.095623438,-0.218181789,-0.075105869,-0.140847581,-0.06233462,0.535180802,3,,,,,,,,,
-0.095933879,-0.218211603,-0.075463929,-0.140768632,-0.06233742,0.538028624,3,,,,,,,,,
-0.095843732,-0.217774698,-0.075310579,-0.140618268,-0.062336063,0.540339572,3,,,,,,,,,
-0.096303235,-0.216584541,-0.074103893,-0.140409848,-0.062340716,0.546400438,3,,,,,,,,,
-0.096211473,-0.216958726,-0.074452637,-0.140533803,-0.062340716,0.531279892,3,,,,,,,,,
-0.096463317,-0.215174896,-0.073015874,-0.140289396,-0.062342653,0.536583998,3,,,,,,,,,
-0.096467447,-0.214546699,-0.073031683,-0.139420499,-0.062342083,0.52828135,3,,,,,,,,,
-0.096104618,-0.215150312,-0.074463015,-0.139366478,-0.062342083,0.530893911,3,,,,,,,,,
-0.096104711,-0.215151531,-0.074463097,-0.139367151,-0.062342083,0.530893012,3,,,,,,,,,
-0.096105082,-0.215044926,-0.074463178,-0.139333123,-0.062342083,0.531639864,3,,,,,,,,,
-0.096064313,-0.214747782,-0.074360612,-0.139205735,-0.062338945,0.533721914,3,,,,,,,,,
-0.096016577,-0.214356515,-0.074261127,-0.13902501,-0.062335353,0.536014779,3,,,,,,,,,
-0.096102214,-0.214222002,-0.074334257,-0.138960276,-0.062337103,0.538537696,3,,,,,,,,,
-0.096102303,-0.214222382,-0.074334342,-0.138960457,-0.062337103,0.538537532,3,,,,,,,,,
-0.096316792,-0.214144335,-0.07445465,-0.138917408,-0.062338974,0.538137768,3,,,,,,,,,
-0.096251481,-0.213750651,-0.074408122,-0.138732726,-0.062337697,0.540173104,3,,,,,,,,,
-0.096251733,-0.213423923,-0.074394026,-0.13865548,-0.062337697,0.543210134,3,,,,,,,,,
-0.096450339,-0.212978556,-0.074578803,-0.138397819,-0.062338875,0.547900025,3,,,,,,,,,
-0.096450465,-0.212833276,-0.074578212,-0.138372018,-0.062338875,0.548438882,3,,,,,,,,,
-0.096386482,-0.212401477,-0.074465934,-0.138191485,-0.062338457,0.550342013,3,,,,,,,,,
-0.096319335,-0.212143072,-0.074351239,-0.138118429,-0.062337673,0.551953285,3,,,,,,,,,
-0.096247778,-0.211791677,-0.074238988,-0.137984149,-0.062334212,0.553752267,3,,,,,,,,,
-0.096247917,-0.2117928,-0.074239121,-0.137984746,-0.062334212,0.553751531,3,,,,,,,,,
-0.096174147,-0.211536272,-0.074127107,-0.137864569,-0.062329848,0.553226322,3,,,,,,,,,
-0.096173398,-0.210940209,-0.074133817,-0.137080999,-0.062329387,0.549045032,3,,,,,,,,,
-0.096090611,-0.210513195,-0.074013374,-0.136917242,-0.062325625,0.551057355,3,,,,,,,,,
0,0.078028897,0,0,0,0,1,,,,,,,,,
0,-0.112826572,-0.104811946,0,0,-0.074567233,1,,,,,,,,,
0,-0.106230464,-0.166615873,0,0,0.255259134,1,,,,,,,,,
0,-0.106814721,-0.166589637,0,0,0.257087836,1,,,,,,,,,
0,-0.12958937,-0.165700221,0,0,0.198514125,1,,,,,,,,,
0,-0.12958937,-0.165700221,0,0,0.198514125,1,,,,,,,,,
0,-0.129887328,-0.165700221,0,0,0.198019703,1,,,,,,,,,
0,-0.129887328,-0.165700221,0,0,0.198019703,1,,,,,,,,,
-0.071311319,-0.125758176,-0.167488803,-0.133427908,0.295682158,0.256871123,1,,,,,,,,,
-0.067344089,-0.126573612,-0.168132064,-0.132034155,0.304839635,0.259070658,1,,,,,,,,,
-0.067339818,-0.126579425,-0.168130751,-0.132039625,0.304839635,0.25908292,1,,,,,,,,,
-0.063255742,-0.131208455,-0.15874807,-0.132934188,0.202690695,0.137124529,1,,,,,,,,,
-0.063009885,-0.131224409,-0.158824201,-0.132486635,0.20592535,0.136688421,1,,,,,,,,,
-0.062998043,-0.131425136,-0.159416095,-0.132738303,0.206788469,0.13767583,1,,,,,,,,,
-0.065262127,-0.130245276,-0.16360548,-0.133785356,0.179095056,0.154289737,1,,,,,,,,,
-0.064481288,-0.130885156,-0.163594574,-0.131331634,0.179857316,0.154663716,1,,,,,,,,,
-0.064468674,-0.131111741,-0.153262305,-0.131679184,0.136724279,0.084366484,1,,,,,,,,,
-0.064462971,-0.131129019,-0.153260909,-0.131694955,0.136724279,0.084432299,1,,,,,,,,,
-0.062543887,-0.13341931,-0.153480482,-0.130843075,0.143199431,0.079964833,1,,,,,,,,,
-0.062543887,-0.133424797,-0.153531602,-0.130848498,0.14453928,0.079796012,1,,,,,,,,,
-0.062484939,-0.13346491,-0.15352986,-0.130825442,0.144607263,0.079560742,1,,,,,,,,,
-0.062476223,-0.133583728,-0.153830628,-0.131008516,0.146388795,0.080100324,1,,,,,,,,,
-0.062465356,-0.133710233,-0.154088522,-0.131181572,0.147920263,0.080326017,1,,,,,,,,,
-0.062456307,-0.133822981,-0.154371602,-0.131306215,0.149613141,0.080793368,1,,,,,,,,,
-0.062940328,-0.134576094,-0.155504308,-0.131256046,0.152187761,0.081916736,1,,,,,,,,,
-0.062892746,-0.134579035,-0.155504053,-0.131169384,0.152254874,0.08192498,1,,,,,,,,,
-0.062881828,-0.134674976,-0.155446181,-0.131277014,0.1524931,0.081177034,1,,,,,,,,,
-0.066653074,-0.098015314,-0.172453886,-0.131316543,0.176458233,0.118716072,1,,,,,,,,,
-0.0672217,-0.099493591,-0.173882276,-0.131046898,0.178950896,0.121695103,1,,,,,,,,,
-0.068106719,-0.102094764,-0.176410633,-0.132073019,0.16059169,0.133768588,1,,,,,,,,,
-0.068105278,-0.102100024,-0.176410348,-0.132077395,0.16059169,0.133782511,1,,,,,,,,,
-0.066472244,-0.103205273,-0.177431212,-0.132955362,0.16059169,0.134206242,1,,,,,,,,,
-0.066471739,-0.104063555,-0.174236989,-0.135089095,0.045185332,0.467341981,1,,,,,,,,,
-0.066462346,-0.104081022,-0.174444818,-0.135127326,0.04642164,0.464545463,1,,,,,,,,,
-0.066412025,-0.104081025,-0.174444818,-0.135033719,0.046492212,0.464544776,1,,,,,,,,,
-0.066216309,-0.104106273,-0.174444228,-0.134759281,0.046754119,0.464144371,1,,,,,,,,,
-0.066616801,-0.105022779,-0.175421354,-0.13459014,0.048300817,0.466797282,1,,,,,,,,,
-0.066616897,-0.105047652,-0.175421584,-0.13461346,0.048300817,0.466863654,1,,,,,,,,,
-0.066606253,-0.105043231,-0.17562808,-0.134621261,0.049517908,0.464142158,1,,,,,,,,,
-0.066606444,-0.105052205,-0.175670176,-0.134629338,0.05028718,0.464039135,1,,,,,,,,,
-0.066592971,-0.104937912,-0.178308174,-0.134678723,0.061692216,0.407779863,1,,,,,,,,,
-0.066987779,-0.105830674,-0.179271601,-0.134553199,0.063038474,0.409799914,1,,,,,,,,,
-0.066799224,-0.107216206,-0.178750509,-0.134082494,0.059225089,0.413075193,1,,,,,,,,,
-0.067396547,-0.108131098,-0.180227594,-0.133481176,0.060549088,0.421966438,1,,,,,,,,,
-0.067182105,-0.108369373,-0.180224602,-0.132233924,0.06081289,0.421638778,1,,,,,,,,,
-0.067187171,-0.10864131,-0.180210527,-0.133109325,0.06081289,0.418115498,1,,,,,,,,,
-0.06542769,-0.109130348,-0.180111754,-0.133482007,0.06081289,0.416806322,1,,,,,,,,,
-0.065793063,-0.109888801,-0.180993365,-0.133301342,0.062136678,0.418984033,1,,,,,,,,,
-0.066176163,-0.110620339,-0.181938471,-0.133111835,0.063460125,0.421248122,1,,,,,,,,,
-0.066296865,-0.110623978,-0.182043339,-0.133216647,0.065186772,0.417880904,1,,,,,,,,,
-0.06614599,-0.111102328,-0.182034483,-0.133524007,0.065329922,0.417196959,1,,,,,,,,,
-0.066133653,-0.110937049,-0.182336213,-0.133525255,0.071258404,0.374969363,1,,,,,,,,,
-0.066129167,-0.110949568,-0.182335762,-0.133535758,0.071258404,0.375009194,1,,,,,,,,,
-0.066121834,-0.11087864,-0.182417206,-0.133532996,0.072438043,0.372711179,1,,,,,,,,,
-0.064657879,-0.110899796,-0.183553734,-0.134038256,0.072438043,0.370998413,1,,,,,,,,,
-0.064658948,-0.11091748,-0.183563527,-0.134072187,0.072908561,0.371171178,1,,,,,,,,,
-0.06465055,-0.110822805,-0.183623398,-0.134042427,0.073362185,0.369214431,1,,,,,,,,,
-0.064638295,-0.110625745,-0.182898642,-0.134021505,0.078485703,0.330586642,1,,,,,,,,,
-0.064629811,-0.110447238,-0.182937511,-0.13399972,0.078867464,0.328031523,1,,,,,,,,,
-0.065275664,-0.110831743,-0.184476572,-0.13279137,0.079907457,0.337968873,1,,,,,,,,,
-0.065279392,-0.110780853,-0.157236385,-0.133465107,0.013695526,0.584846382,1,,,,,,,,,
-0.065627511,-0.111357517,-0.157915727,-0.133281141,0.014353104,0.587222645,1,,,,,,,,,
-0.066182197,-0.111699514,-0.159031196,-0.132493857,0.01501066,0.60025883,1,,,,,,,,,
-0.067404566,-0.114473541,-0.158399792,-0.133111098,0.013588938,0.58989306,1,,,,,,,,,
-0.06615198,-0.114330937,-0.159360231,-0.133519223,0.013588938,0.589629957,1,,,,,,,,,
-0.066160272,-0.114024311,-0.159357495,-0.134631405,0.013588938,0.584536191,1,,,,,,,,,
-0.066156434,-0.11403372,-0.159357528,-0.13463925,0.013588938,0.584560113,1,,,,,,,,,
-0.066156581,-0.114039689,-0.159377453,-0.134644369,0.013916529,0.58452508,1,,,,,,,,,
-0.066119053,-0.113925226,-0.159396733,-0.13469263,0.014294629,0.583292907,1,,,,,,,,,
-0.066109533,-0.113736955,-0.159539518,-0.134663076,0.014651645,0.581664602,1,,,,,,,,,
-0.064573251,-0.113947187,-0.15960365,-0.134641927,0.015495921,0.58101985,1,,,,,,,,,
-0.065052659,-0.114215114,-0.160547056,-0.134059707,0.016149307,0.591000834,1,,,,,,,,,
-0.06497371,-0.114411054,-0.160546331,-0.134159282,0.016243199,0.590522038,1,,,,,,,,,
-0.064419348,-0.109386354,-0.160542347,-0.1371174,0.016938124,0.552422296,1,,,,,,,,,
-0.064839586,-0.109530381,-0.161371891,-0.136694988,0.01759167,0.559685639,1,,,,,,,,,
-0.082835299,-0.134375901,-0.073171651,-0.136704257,0.01759167,0.559680513,1,,,,,,,,,
-0.082829287,-0.13425976,-0.07299251,-0.136611559,0.0179458,0.558910519,1,,,,,,,,,
-0.082821885,-0.134243727,-0.072992977,-0.13657721,0.0179458,0.558996518,1,,,,,,,,,
-0.078831603,-0.138894664,-0.090327926,-0.135974736,0.018009647,0.552668882,1,,,,,,,,,
-0.077446827,-0.139447946,-0.096360036,-0.134960485,0.01643957,0.547695818,1,,,,,,,,,
-0.077131529,-0.139655012,-0.096465345,-0.135403679,0.016675071,0.545598165,1,,,,,,,,,
-0.077135393,-0.139679476,-0.101749732,-0.135673657,0.010652535,0.551568366,1,,,,,,,,,
-0.077135434,-0.139679485,-0.101749863,-0.135674428,0.010652535,0.551571322,1,,,,,,,,,
-0.077140359,-0.139684008,-0.138392181,-0.135667979,-0.044940391,0.275945187,1,,,,,,,,,
-0.077110611,-0.13963739,-0.138373765,-0.135964067,-0.044624476,0.273864198,1,,,,,,,,,
-0.077103781,-0.13950013,-0.136375919,-0.135934908,-0.039867554,0.270093648,1,,,,,,,,,
-0.076692287,-0.137619387,-0.13637729,-0.138390963,-0.039412211,0.238539257,1,,,,,,,,,
-0.074616997,-0.137621905,-0.136594098,-0.134568566,-0.037287988,0.240649916,1,,,,,,,,,
-0.074616997,-0.137622177,-0.136611066,-0.134570339,-0.037073863,0.240623229,1,,,,,,,,,
-0.074616326,-0.137620779,-0.136611066,-0.13457088,-0.037073076,0.240626773,1,,,,,,,,,
-0.074614934,-0.137619671,-0.136611112,-0.134571604,-0.037072291,0.240612,1,,,,,,,,,
-0.074609474,-0.137483872,-0.136553682,-0.134508387,-0.036794099,0.240375258,1,,,,,,,,,
-0.074556527,-0.137625206,-0.136605502,-0.134508264,-0.036794099,0.240357945,1,,,,,,,,,
-0.072047782,-0.138394378,-0.143242862,-0.134304914,-0.038106234,0.245614391,1,,,,,,,,,
-0.072046503,-0.138394143,-0.143242892,-0.134305504,-0.038105314,0.245600796,1,,,,,,,,,
-0.072048474,-0.138353076,-0.143224731,-0.13400338,-0.035874155,0.245406669,1,,,,,,,,,
-0.072044574,-0.138256012,-0.140359726,-0.133956011,-0.02277293,0.230110157,1,,,,,,,,,
-0.072044574,-0.138256255,-0.140374819,-0.133957184,-0.022570615,0.230086923,1,,,,,,,,,
-0.072044523,-0.138256146,-0.140374958,-0.133958441,-0.022570615,0.230085011,1,,,,,,,,,
-0.072182571,-0.138152625,-0.140400399,-0.134153377,-0.022718774,0.230112636,1,,,,,,,,,
-0.072182571,-0.138153247,-0.140400399,-0.134154152,-0.022718774,0.230112154,1,,,,,,,,,
-0.072177683,-0.138064579,-0.139021009,-0.134110588,-0.018186987,0.224173503,1,,,,,,,,,
-0.071514946,-0.137877406,-0.139500451,-0.13445505,-0.015014695,0.216889195,1,,,,,,,,,
-0.071493426,-0.137945113,-0.139511637,-0.134416065,-0.015021236,0.217163765,1,,,,,,,,,
-0.071548015,-0.137540378,-0.139702022,-0.134588504,-0.015245114,0.21572219,1,,,,,,,,,
-0.071518751,-0.137020921,-0.139702505,-0.134916927,-0.015231741,0.208873076,1,,,,,,,,,
-0.07151511,-0.137018172,-0.139702727,-0.134918474,-0.015231013,0.208821903,1,,,,,,,,,
-0.071728017,-0.136805884,-0.140365138,-0.13476301,-0.014834749,0.212378365,1,,,,,,,,,
-0.07172314,-0.136715234,-0.141882632,-0.134709132,0.001719194,0.216127938,1,,,,,,,,,
-0.071301335,-0.137465886,-0.143745553,-0.13453512,0.000746716,0.221155458,1,,,,,,,,,
0,0,0,-0.099243872,0,0,4,,,,,,,,,
0.999323352,-0.133969007,0,-0.128737162,0,0,4,,,,,,,,,
0.988755245,-0.126732464,0.999323352,-0.138819205,0.98980972,-0.121621638,4,,,,,,,,,
0.991117422,-0.127064748,0.999272542,-0.137003969,0.9921875,-0.121781305,4,,,,,,,,,
0.990968274,-0.144017804,0.135935787,-0.144569815,0.147618422,-0.193623089,4,,,,,,,,,
0.991494759,-0.144095548,0.135826741,-0.143718198,0.14864398,-0.193540177,4,,,,,,,,,
0.991867392,-0.14433746,0.135645987,-0.143068601,0.149518307,-0.193527087,4,,,,,,,,,
0.99340643,-0.159666133,0.118757436,-0.154137849,0.136176961,-0.145722754,4,,,,,,,,,
0.979768634,-0.151376522,0.096637564,-0.144773427,0.136506862,-0.164766678,4,,,,,,,,,
0.972849549,-0.155538574,0.095539556,-0.147148058,0.148862321,-0.174216904,4,,,,,,,,,
0.97283081,-0.155616733,0.095451999,-0.146941011,0.149086563,-0.174216904,4,,,,,,,,,
0.966621316,-0.163994132,0.056894471,-0.150798304,0.115387595,-0.193497899,4,,,,,,,,,
0.96666792,-0.164019369,0.056894471,-0.150684934,0.115511185,-0.193424871,4,,,,,,,,,
0.958660423,-0.169847209,0.044700821,-0.151205999,0.112428597,-0.207886624,4,,,,,,,,,
0.95815118,-0.167763542,0.043557778,-0.148217738,0.111341546,-0.204239967,4,,,,,,,,,
0.958180994,-0.167770142,0.043557778,-0.148136818,0.111423295,-0.204209239,4,,,,,,,,,
0.944869376,-0.172067732,0.010481675,-0.145468571,0.085526251,-0.205975972,4,,,,,,,,,
0.944891026,-0.172034232,0.010481675,-0.145526419,0.085579799,-0.206200601,4,,,,,,,,,
0.944911706,-0.1720566,0.010481675,-0.145473398,0.085631272,-0.206148596,4,,,,,,,,,
0.944931477,-0.172086513,0.010481675,-0.145439789,0.08568079,-0.206095964,4,,,,,,,,,
0.931668304,-0.166601207,-0.005850616,-0.132478087,0.078060951,-0.202587443,4,,,,,,,,,
0.931683666,-0.16662971,-0.005850616,-0.132465297,0.078098037,-0.202596743,4,,,,,,,,,
0.923578711,-0.171193015,-0.011788874,-0.132465297,0.078098037,-0.202596743,4,,,,,,,,,
0.902636343,-0.175499513,-0.022808856,-0.130122166,0.079667296,-0.200339531,4,,,,,,,,,
0.902112928,-0.147513129,-0.023075517,-0.098597578,0.079696995,-0.19825604,4,,,,,,,,,
0.902126131,-0.147524928,-0.023075517,-0.098573163,0.079725829,-0.198218071,4,,,,,,,,,
0.88705899,-0.146296414,-0.035255482,-0.094348901,0.07338632,-0.187388379,4,,,,,,,,,
0.887015419,-0.146341003,-0.035270411,-0.094339613,0.07340909,-0.187387184,4,,,,,,,,,
0.873282616,-0.146712414,-0.039307348,-0.099600843,0.079274067,-0.196293978,4,,,,,,,,,
0.872614009,-0.164775176,-0.039307348,-0.123114905,0.077996965,-0.208551554,4,,,,,,,,,
0.957995593,-0.15142455,0.014072933,-0.123403209,0.078117066,-0.209120049,4,,,,,,,,,
0.958006586,-0.151430862,0.014072933,-0.123381595,0.078145548,-0.20911561,4,,,,,,,,,
0.940837646,-0.156060226,-0.000333857,-0.124834523,0.076200227,-0.211462848,4,,,,,,,,,
0.940824624,-0.156143774,-0.000322701,-0.124828288,0.076226225,-0.21136464,4,,,,,,,,,
0.94064481,-0.156078633,-0.000468765,-0.124821252,0.07625172,-0.211323999,4,,,,,,,,,
0.940655054,-0.156094531,-0.000468765,-0.124806613,0.076276727,-0.211305742,4,,,,,,,,,
0.931048749,-0.158545692,-0.005788412,-0.123919105,0.079202548,-0.213660125,4,,,,,,,,,
0.931048749,-0.158583275,-0.005788412,-0.123945772,0.079202548,-0.213626088,4,,,,,,,,,
0.931058035,-0.158588499,-0.005788412,-0.123926284,0.079224515,-0.213618432,4,,,,,,,,,
0.931067133,-0.15859877,-0.005788412,-0.12391529,0.07924609,-0.21361279,4,,,,,,,,,
0.923754565,-0.158847025,-0.021567355,-0.121255234,0.063590993,-0.205782934,4,,,,,,,,,
0.923716991,-0.158876059,-0.021582554,-0.121240071,0.063608783,-0.205778227,4,,,,,,,,,
0.253386036,0.05717122,-0.210990249,-0.127670928,0.063564001,-0.210139682,4,,,,,,,,,
0.25290398,0.052526738,-0.214383918,-0.127634569,0.067654884,-0.208136537,4,,,,,,,,,
0.252602731,0.049839031,-0.215602006,-0.127738326,0.070738047,-0.209024272,4,,,,,,,,,
0.252616122,0.049838966,-0.215602006,-0.127728124,0.070752906,-0.209019773,4,,,,,,,,,
0.252616122,0.049813207,-0.215602006,-0.127734823,0.070752906,-0.20900882,4,,,,,,,,,
0.252036288,0.039298975,-0.217066189,-0.127054162,0.073835261,-0.209804088,4,,,,,,,,,
0.252286474,0.039224553,-0.217039814,-0.127077687,0.073835261,-0.209768594,4,,,,,,,,,
0.252298548,0.039204566,-0.217039814,-0.12707335,0.07384869,-0.209750408,4,,,,,,,,,
0.251628925,0.034493294,-0.21997537,-0.126955194,0.079037115,-0.212007473,4,,,,,,,,,
0.250546139,0.033759713,-0.21992816,-0.126955194,0.079037115,-0.212007473,4,,,,,,,,,
0,0,0,-0.099243872,0,0,5,,,,,,,,,
0.888985969,-0.139525233,0,-0.101362732,0,0,5,,,,,,,,,
0.120185828,-0.130562464,-0.251281045,-0.117656755,0.155673497,-0.22789521,5,,,,,,,,,
0.128805129,-0.132408661,-0.24967068,-0.118083095,0.155673497,-0.228084356,5,,,,,,,,,
0.054034108,-0.136114308,-0.234506512,-0.118083095,0.155673497,-0.228084356,5,,,,,,,,,
0.078371123,-0.139966276,-0.231315749,-0.118034463,0.155673497,-0.227196153,5,,,,,,,,,
0.087864787,-0.180478096,-0.224290028,-0.132784343,0.1390498,-0.004377505,5,,,,,,,,,
0.016461839,-0.097736192,-0.256948138,-0.138414585,0.1390498,-0.131461817,5,,,,,,,,,
0.033217868,-0.099661466,-0.262387246,-0.142174069,0.151540415,-0.152722021,5,,,,,,,,,
0.036166532,-0.100334524,-0.261803233,-0.142174069,0.151540415,-0.152722021,5,,,,,,,,,
0.044508445,-0.116351286,-0.24495988,-0.13782276,0.117356502,-0.179186655,5,,,,,,,,,
0.044508445,-0.116480997,-0.24495988,-0.137911325,0.117356502,-0.179128553,5,,,,,,,,,
0.051019856,-0.125327973,-0.243576501,-0.128317401,0.114039063,-0.187868614,5,,,,,,,,,
0.06848442,-0.129307907,-0.240232438,-0.124298292,0.112973186,-0.186071668,5,,,,,,,,,
0.06848442,-0.12937712,-0.240232438,-0.124382092,0.112973186,-0.186125528,5,,,,,,,,,
0.070460909,-0.133667451,-0.226190958,-0.115267944,0.086929423,-0.177260324,5,,,,,,,,,
0.070460909,-0.133667568,-0.226190958,-0.116226962,0.086929423,-0.17868522,5,,,,,,,,,
0.070460909,-0.133715274,-0.226190958,-0.116218075,0.086929423,-0.178580357,5,,,,,,,,,
0.079401503,-0.136176715,-0.227522307,-0.104182162,0.095148256,-0.175941157,5,,,,,,,,,
0.079401503,-0.136255884,-0.227522307,-0.104257891,0.095148256,-0.175957287,5,,,,,,,,,
0.080716548,-0.132712617,-0.224603901,-0.093062431,0.086355934,-0.165984667,5,,,,,,,,,
0.080716548,-0.132752745,-0.224603901,-0.093108542,0.086355934,-0.166025895,5,,,,,,,,,
0.068396321,-0.133693643,-0.224442841,-0.093108542,0.086355934,-0.166025895,5,,,,,,,,,
0.058962047,-0.13436658,-0.222721349,-0.092629999,0.08729151,-0.16481431,5,,,,,,,,,
0.058520606,-0.133188013,-0.222726487,-0.063399397,0.08729151,-0.162497479,5,,,,,,,,,
0.058520606,-0.133201377,-0.222726487,-0.063411087,0.08729151,-0.162466643,5,,,,,,,,,
0.063182901,-0.131681459,-0.218630878,-0.064859601,0.080034479,-0.15602595,5,,,,,,,,,
0.06438226,-0.131788881,-0.218517264,-0.064874144,0.080034479,-0.156030839,5,,,,,,,,,
0.055635121,-0.131254525,-0.216886949,-0.064874144,0.080034479,-0.156030839,5,,,,,,,,,
0.055801609,-0.126561345,-0.221816542,-0.07364584,0.08502718,-0.170438906,5,,,,,,,,,
0.055498925,-0.130611109,-0.221622897,-0.076261348,0.08502718,-0.162956867,5,,,,,,,,,
0.055498925,-0.130625353,-0.221622897,-0.076293956,0.08502718,-0.162987572,5,,,,,,,,,
0.055601081,-0.120623751,-0.228336551,-0.083626863,0.08812094,-0.176125379,5,,,,,,,,,
0.059587626,-0.121123168,-0.227911883,-0.083681364,0.08812094,-0.176047763,5,,,,,,,,,
0.059587626,-0.121163372,-0.227911883,-0.083696967,0.08812094,-0.175975191,5,,,,,,,,,
0.059305979,-0.121022536,-0.228039606,-0.0837288,0.08812094,-0.175934575,5,,,,,,,,,
0.059305979,-0.121051709,-0.228039606,-0.083760566,0.08812094,-0.175939947,5,,,,,,,,,
0.060651869,-0.122636397,-0.229270847,-0.08324247,0.089864061,-0.175133378,5,,,,,,,,,
0.060651869,-0.122698238,-0.229270847,-0.083297298,0.089864061,-0.175133681,5,,,,,,,,,
0.060651869,-0.122709723,-0.229270847,-0.083308318,0.089864061,-0.175135737,5,,,,,,,,,
0.060651869,-0.122709723,-0.229270847,-0.083308318,0.089864061,-0.175135737,5,,,,,,,,,
0.060651869,-0.122726522,-0.229270847,-0.083346467,0.089864061,-0.175169978,5,,,,,,,,,
0.062138379,-0.123851729,-0.220067469,-0.081752371,0.073749831,-0.165578899,5,,,,,,,,,
0.062940569,-0.12394919,-0.21999117,-0.081762042,0.073749831,-0.165581927,5,,,,,,,,,
0.062697406,-0.123833516,-0.220097849,-0.081765087,0.073749831,-0.165569435,5,,,,,,,,,
0.064757858,-0.124905495,-0.223382175,-0.082284454,0.077224465,-0.166615749,5,,,,,,,,,
0.066634827,-0.125409186,-0.225408589,-0.083289946,0.079821452,-0.16807283,5,,,,,,,,,
0.066634827,-0.125425541,-0.225408589,-0.083311754,0.079821452,-0.16809018,5,,,,,,,,,
0.068385059,-0.125979331,-0.222259631,-0.08247049,0.075100916,-0.164459093,5,,,,,,,,,
0.068385059,-0.125998727,-0.222259631,-0.082485106,0.075100916,-0.164457976,5,,,,,,,,,
0.070185272,-0.126967666,-0.223559553,-0.082382049,0.077500646,-0.163896883,5,,,,,,,,,
0.07299638,-0.127254102,-0.223280094,-0.082433257,0.077500646,-0.16390031,5,,,,,,,,,
0.07299638,-0.127280591,-0.223280094,-0.08245824,0.077500646,-0.163902331,5,,,,,,,,,
0.074157944,-0.128172554,-0.226099656,-0.082879565,0.081702326,-0.16548699,5,,,,,,,,,
0.069212501,-0.128496431,-0.225396806,-0.082879565,0.081702326,-0.16548699,5,,,,,,,,,
0,0.197856987,-0.031988114,0,0,0.047604631,12,,,,,,,,,
0,0.15042228,-0.05551766,0,0,0.059006496,12,,,,,,,,,
0,0.122834692,-0.071469285,0,0,0.058638023,12,,,,,,,,,
0,0.124091684,-0.072643087,0,0,0.056508639,12,,,,,,,,,
0,0.124559737,-0.071189004,0,0,0.055571691,12,,,,,,,,,
0,0.102653773,-0.081824431,0,0,0.055277964,12,,,,,,,,,
0,0.103059029,-0.079157387,0,0,0.050096344,12,,,,,,,,,
0,0.095779706,-0.079251723,0,0,0.05140495,12,,,,,,,,,
-0.052608601,0.087622462,-0.087092142,-0.111052424,0.561496691,0.003563055,12,,,,,,,,,
-0.049166181,0.088446704,-0.084271124,-0.11078381,0.541267259,0.002657078,12,,,,,,,,,
-0.046231545,0.088416199,-0.11011653,-0.110503119,0.458996335,0.076100432,12,,,,,,,,,
-0.042819765,0.089789652,-0.107979701,-0.110618017,0.453300794,0.073065888,12,,,,,,,,,
-0.064761501,0.164327855,-0.095504563,-0.110606579,0.436518333,0.088404405,12,,,,,,,,,
-0.062924544,0.163601196,-0.093700963,-0.110500561,0.432873368,0.089206217,12,,,,,,,,,
-0.06054397,0.157423488,-0.098350131,-0.111066168,0.418763648,0.101396579,12,,,,,,,,,
-0.058710807,0.152868472,-0.09596999,-0.111538886,0.414096262,0.097840745,12,,,,,,,,,
-0.067990819,0.182165645,-0.087271107,-0.111649004,0.410046172,0.094545758,12,,,,,,,,,
-0.066574313,0.18325711,-0.085966848,-0.111669301,0.407992018,0.092834246,12,,,,,,,,,
-0.066574313,0.183255682,-0.085966848,-0.111702257,0.407992018,0.092923155,12,,,,,,,,,
-0.065178811,0.18195352,-0.092129344,-0.111461482,0.397493254,0.106920396,12,,,,,,,,,
-0.064133572,0.181777638,-0.091371667,-0.111283126,0.396456017,0.10691089,12,,,,,,,,,
-0.062356782,0.177746427,-0.064513341,-0.111578504,0.340279622,0.076483872,12,,,,,,,,,
-0.060946556,0.180454426,-0.064056446,-0.111507312,0.339818343,0.075493111,12,,,,,,,,,
-0.059537249,0.176405829,-0.027102837,-0.111771728,0.255797594,0.034177006,12,,,,,,,,,
-0.058313992,0.171484797,-0.026924644,-0.112904287,0.255625781,0.033825734,12,,,,,,,,,
0.631118522,-0.219862539,0,-0.116965409,0,0,8,,,,,,,,,
0.631118522,-0.219828461,0,-0.116954648,0,0,8,,,,,,,,,
0.631010218,-0.219820941,0,-0.116951021,0,0,8,,,,,,,,,
0.631037297,-0.218114161,0,-0.118018483,0,0,8,,,,,,,,,
0.630988552,-0.218039695,0,-0.117598167,0,0,8,,,,,,,,,
0.630988552,-0.218039695,0,-0.117598167,0,0,8,,,,,,,,,
0.63115317,-0.217077282,0,-0.118598907,0,0,8,,,,,,,,,
0.631147574,-0.216411099,0,-0.118934497,0,0,8,,,,,,,,,
0,-0.210332193,0,0,0,0,11,,,,,,,,,
0,-0.167535102,0,0,0,0,11,,,,,,,,,
0,-0.172048606,0,0,0,0,11,,,,,,,,,
0,-0.17819706,0,0,0,0,11,,,,,,,,,
0,-0.146941085,0,0,0,0,11,,,,,,,,,
0,-0.158968958,0,0,0,0,11,,,,,,,,,
0,-0.156848293,0,0,0,0,11,,,,,,,,,
0,-0.157907262,0,0,0,0,11,,,,,,,,,
0,-0.158810065,0,0,0,0,11,,,,,,,,,
0,-0.159584538,0,0,0,0,11,,,,,,,,,
0,-0.160252828,0,0,0,0,11,,,,,,,,,
0,-0.160832689,0,0,0,0,11,,,,,,,,,
0,-0.161390112,0,0,0,0,11,,,,,,,,,
0,-0.161832136,0,0,0,0,11,,,,,,,,,
0,-0.162221414,0,0,0,0,11,,,,,,,,,
0,-0.162464317,0,0,0,0,11,,,,,,,,,
0,-0.162856142,0,0,0,0,11,,,,,,,,,
0,-0.162943866,0,0,0,0,11,,,,,,,,,
0,-0.163218816,0,0,0,0,11,,,,,,,,,
0,-0.163400585,0,0,0,0,11,,,,,,,,,
0,-0.141079705,-0.100222484,0,0,-0.157735206,11,,,,,,,,,
0,-0.144280308,-0.099982738,0,0,-0.160855529,11,,,,,,,,,
0,-0.145084332,-0.099990544,0,0,-0.161709379,11,,,,,,,,,
0,-0.14441749,-0.100022606,0,0,-0.167525184,11,,,,,,,,,
0,-0.145128277,-0.100030401,0,0,-0.168198466,11,,,,,,,,,
0,-0.094837203,0.083545239,0,0,0.428887263,11,,,,,,,,,
-0.072320278,-0.055675149,0.198865279,-0.129492509,-0.061680178,0.456116337,11,,,,,,,,,
-0.072323631,-0.05599152,0.198837189,-0.129618407,-0.061680178,0.455609932,11,,,,,,,,,
-0.072326983,-0.056307171,0.198809103,-0.12974378,-0.061680178,0.455103518,11,,,,,,,,,
-0.072330334,-0.056633023,0.198781022,-0.129865625,-0.061680178,0.454537536,11,,,,,,,,,
-0.072258204,-0.056764979,0.198740556,-0.129904348,-0.061680178,0.454378963,11,,,,,,,,,
-0.070313064,-0.058747915,0.198822825,-0.130331514,-0.061680178,0.449211188,11,,,,,,,,,
-0.070316598,-0.059053318,0.198794749,-0.130451439,-0.061680178,0.448715997,11,,,,,,,,,
-0.070261478,-0.057578439,0.198460359,-0.12834867,-0.060831259,0.453477456,11,,,,,,,,,
-0.070208288,-0.057509201,0.198410529,-0.123919388,-0.060397113,0.455354382,11,,,,,,,,,
-0.070211806,-0.057791045,0.198382601,-0.124034954,-0.060397113,0.454898668,11,,,,,,,,,
-0.070215323,-0.057858404,0.198354678,-0.124027935,-0.060397113,0.454630082,11,,,,,,,,,
-0.07021884,-0.058139405,0.19832676,-0.124143007,-0.060397113,0.454174969,11,,,,,,,,,
-0.070222355,-0.058429657,0.198298846,-0.124256032,-0.060397113,0.453668772,11,,,,,,,,,
-0.070225869,-0.058571956,0.198270936,-0.124481305,-0.060397113,0.453415097,11,,,,,,,,,
-0.070229383,-0.058848807,0.198243031,-0.124594109,-0.060397113,0.452965187,11,,,,,,,,,
-0.070232895,-0.059115444,0.198215129,-0.124708161,-0.060397113,0.452565652,11,,,,,,,,,
-0.070236407,-0.059400814,0.198187233,-0.124818516,-0.060397113,0.452065471,11,,,,,,,,,
-0.070239918,-0.059466096,0.19815934,-0.124810958,-0.060397113,0.451803043,11,,,,,,,,,
-0.070243428,-0.059750567,0.198131452,-0.124920827,-0.060397113,0.451303716,11,,,,,,,,,
-0.070246937,-0.060024874,0.198103569,-0.125031954,-0.060397113,0.45085462,11,,,,,,,,,
-0.070250445,-0.060298617,0.19807569,-0.125142685,-0.060397113,0.450405573,11,,,,,,,,,
-0.070401528,-0.027911223,0.19809284,-0.136135234,-0.060397113,0.600420048,11,,,,,,,,,
-0.070405017,-0.028153343,0.198064961,-0.136209728,-0.060397113,0.599949103,11,,,,,,,,,
-0.070408504,-0.0283951,0.198037086,-0.136283988,-0.060397113,0.599478263,11,,,,,,,,,
-0.070422987,-0.029037437,0.198002464,-0.136516504,-0.060397113,0.598268367,11,,,,,,,,,
-0.070426472,-0.029277794,0.197974599,-0.136589854,-0.060397113,0.59779758,11,,,,,,,,,
-0.070355007,-0.029414243,0.197934453,-0.136610624,-0.060397113,0.597536209,11,,,,,,,,,
-0.070344965,-0.030080135,0.196612772,-0.136610624,-0.060397113,0.597536209,11,,,,,,,,,
-0.070348442,-0.030319028,0.196585182,-0.136683654,-0.060397113,0.597065791,11,,,,,,,,,
-0.070351918,-0.030557559,0.196557597,-0.136756453,-0.060397113,0.596595492,11,,,,,,,,,
-0.070355393,-0.030795728,0.196530016,-0.136829024,-0.060397113,0.596125315,11,,,,,,,,,
-0.070358867,-0.031033536,0.19650244,-0.136901365,-0.060397113,0.595655263,11,,,,,,,,,
-0.07036234,-0.031280603,0.196474867,-0.136972937,-0.060397113,0.595143485,11,,,,,,,,,
-0.070365812,-0.03181827,0.196447299,-0.137216035,-0.060397113,0.594423567,11,,,,,,,,,
-0.070311063,-0.031858104,0.196121962,-0.135619404,-0.059547949,0.593258422,11,,,,,,,,,
-0.070314526,-0.032096797,0.19609449,-0.135689591,-0.059547949,0.592766162,11,,,,,,,,,
-0.070069705,-0.106911684,0.180825326,-0.137510184,-0.0674097,0.292314902,11,,,,,,,,,
-0.083830964,-0.088617614,0.223662205,-0.139413243,-0.0674097,0.334244232,11,,,,,,,,,
-0.083832387,-0.088851908,0.223639698,-0.139493585,-0.0674097,0.333880051,11,,,,,,,,,
-0.083833811,-0.088946298,0.223617195,-0.139518157,-0.0674097,0.333714082,11,,,,,,,,,
-0.083847069,-0.089128867,0.223586817,-0.139595429,-0.0674097,0.333383333,11,,,,,,,,,
-0.083848491,-0.089225018,0.223564319,-0.139617666,-0.0674097,0.333200079,11,,,,,,,,,
-0.083849913,-0.089318971,0.223541823,-0.139642033,-0.0674097,0.333034414,11,,,,,,,,,
-0.083851334,-0.089412836,0.22351933,-0.139666359,-0.0674097,0.33286883,11,,,,,,,,,
-0.083852755,-0.089645129,0.22349684,-0.139745386,-0.0674097,0.332504357,11,,,,,,,,,
-0.083854176,-0.089748096,0.223474353,-0.139772079,-0.0674097,0.332320451,11,,,,,,,,,
-0.083757721,-0.094926871,0.223359154,-0.123702167,-0.0674097,0.326494195,11,,,,,,,,,
-0.083759147,-0.095014406,0.223336682,-0.123730763,-0.0674097,0.326335872,11,,,,,,,,,
-0.083760572,-0.09510186,0.223314213,-0.123759321,-0.0674097,0.326177626,11,,,,,,,,,
-0.083761998,-0.095189234,0.223291746,-0.123787839,-0.0674097,0.326019458,11,,,,,,,,,
-0.083763423,-0.095278382,0.223269281,-0.123814951,-0.0674097,0.325845178,11,,,,,,,,,
-0.083764847,-0.095365591,0.223246819,-0.123843391,-0.0674097,0.325687181,11,,,,,,,,,
-0.086857175,-0.089612019,0.226986678,-0.126786406,-0.0674097,0.352532422,11,,,,,,,,,
-0.086858235,-0.089692728,0.226965414,-0.126810567,-0.0674097,0.352393884,11,,,,,,,,,
-0.092015558,-0.074983154,0.248879957,-0.128269904,-0.0674097,0.368023918,11,,,,,,,,,
-0.094666686,-0.064182534,0.264041751,-0.128188025,-0.0674097,0.369966163,11,,,,,,,,,
-0.09466968,-0.064202915,0.264060867,-0.128197028,-0.0674097,0.369926508,11,,,,,,,,,
-0.094637989,-0.064242528,0.264038477,-0.128202278,-0.0674097,0.369876049,11,,,,,,,,,
-0.094582559,-0.063586249,0.263728733,-0.127879015,-0.066562449,0.371845594,11,,,,,,,,,
-0.094582946,-0.06366067,0.263713458,-0.127899003,-0.066562449,0.371718867,11,,,,,,,,,
-0.094583333,-0.063732777,0.263698184,-0.127919919,-0.066562449,0.37160426,11,,,,,,,,,
-0.094583719,-0.063804843,0.263682912,-0.127940814,-0.066562449,0.371489683,11,,,,,,,,,
-0.094519149,-0.06400228,0.263659206,-0.128012055,-0.066562449,0.37125866,11,,,,,,,,,
-0.094519539,-0.06407648,0.263643936,-0.128031924,-0.066562449,0.371132051,11,,,,,,,,,
-0.094519928,-0.064150635,0.263628667,-0.128051773,-0.066562449,0.371005486,11,,,,,,,,,
-0.094520317,-0.06422249,0.263613399,-0.128072549,-0.066562449,0.370891,11,,,,,,,,,
-0.094520706,-0.064294304,0.263598132,-0.128093306,-0.066562449,0.370776543,11,,,,,,,,,
-0.094521095,-0.064372719,0.263582866,-0.128115094,-0.066562449,0.37064663,11,,,,,,,,,
-0.094521484,-0.064444448,0.263567601,-0.128135809,-0.066562449,0.370532238,11,,,,,,,,,
-0.094521872,-0.064516136,0.263552338,-0.128156504,-0.066562449,0.370417876,11,,,,,,,,,
-0.094522261,-0.064590026,0.263537075,-0.128176233,-0.066562449,0.370291543,11,,,,,,,,,
-0.094467064,-0.064063934,0.263228075,-0.1273222,-0.065715012,0.372019527,11,,,,,,,,,
-0.094467453,-0.064135076,0.263212839,-0.127342927,-0.065715012,0.371906079,11,,,,,,,,,
-0.094467843,-0.064309419,0.263197604,-0.127410117,-0.065715012,0.371686497,11,,,,,,,,,
-0.094468233,-0.064380441,0.26318237,-0.12743077,-0.065715012,0.371573069,11,,,,,,,,,
-0.094468622,-0.064451423,0.263167137,-0.127451403,-0.065715012,0.37145967,11,,,,,,,,,
-0.094437041,-0.064597584,0.263144893,-0.127504156,-0.065715012,0.371283221,11,,,,,,,,,
-0.097067403,-0.056933027,0.272184369,-0.128479062,-0.065715012,0.381547337,11,,,,,,,,,
-0.097040503,-0.056874475,0.272165038,-0.128515132,-0.065715012,0.381702454,11,,,,,,,,,
-0.09834892,-0.050240722,0.28032284,-0.12838539,-0.065715012,0.382473395,11,,,,,,,,,
-0.098349098,-0.050403578,0.280311064,-0.128449307,-0.065715012,0.382280877,11,,,,,,,,,
-0.098349276,-0.050466562,0.280299289,-0.128467461,-0.065715012,0.382184457,11,,,,,,,,,
-0.098349453,-0.050529518,0.280287515,-0.1284856,-0.065715012,0.382088055,11,,,,,,,,,
-0.098349631,-0.050592445,0.280275741,-0.128503725,-0.065715012,0.381991672,11,,,,,,,,,
-0.099297311,-0.041478554,0.284693923,-0.128836964,-0.065715012,0.397577434,11,,,,,,,,,
-0.099257586,-0.041169748,0.284439205,-0.128175877,-0.06486739,0.398496013,11,,,,,,,,,
-0.099257712,-0.041228384,0.284428714,-0.128191566,-0.06486739,0.398403962,11,,,,,,,,,
-0.100307224,-0.036934272,0.288701609,-0.128407211,-0.06428925,0.403173342,11,,,,,,,,,
-0.100307312,-0.036986614,0.288692122,-0.128422256,-0.06428925,0.403097493,11,,,,,,,,,
-0.1003074,-0.037043789,0.288682636,-0.128437659,-0.06428925,0.403009902,11,,,,,,,,,
-0.100307487,-0.037058962,0.28867315,-0.128437126,-0.06428925,0.40297572,11,,,,,,,,,
-0.100307575,-0.037082516,0.288663665,-0.128441332,-0.06428925,0.402937017,11,,,,,,,,,
-0.100307662,-0.036951113,0.288588036,-0.128475451,-0.064183663,0.403559309,11,,,,,,,,,
-0.10030775,-0.037008235,0.288578551,-0.12849082,-0.064183663,0.403471751,11,,,,,,,,,
-0.100269991,-0.03712663,0.288564053,-0.128546064,-0.064183663,0.403378966,11,,,,,,,,,
-0.10027008,-0.037178849,0.288554569,-0.128561028,-0.064183663,0.403303144,11,,,,,,,,,
-0.10027008,-0.037281421,0.288554569,-0.128608894,-0.064183663,0.403208117,11,,,,,,,,,
-0.100249743,-0.038922881,0.287742654,-0.125215516,-0.063861027,0.401628903,11,,,,,,,,,
-0.100249743,-0.03892525,0.287742654,-0.125215714,-0.063861027,0.401623081,11,,,,,,,,,
-0.100231123,-0.038892076,0.287728833,-0.125243441,-0.063861027,0.401708115,11,,,,,,,,,
-0.100873088,-0.035106496,0.292065401,-0.125242525,-0.063861027,0.40151015,11,,,,,,,,,
-0.100873161,-0.035158115,0.29205669,-0.125256889,-0.063861027,0.401430746,11,,,,,,,,,
-0.100873233,-0.035207788,0.292047979,-0.125271714,-0.063861027,0.401359138,11,,,,,,,,,
-0.100873306,-0.035257446,0.292039269,-0.125286531,-0.063861027,0.401287538,11,,,,,,,,,
-0.10083991,-0.034957253,0.291721998,-0.124664147,-0.062896959,0.402010289,11,,,,,,,,,
-0.100839983,-0.034954084,0.291713296,-0.124700933,-0.062896959,0.402033653,11,,,,,,,,,
-0.100840056,-0.034968319,0.291704595,-0.124700714,-0.062896959,0.402001112,11,,,,,,,,,
-0.100840129,-0.03501758,0.291695894,-0.124715496,-0.062896959,0.401930143,11,,,,,,,,,
-0.100805802,-0.035148672,0.291682682,-0.124769186,-0.062896959,0.401805572,11,,,,,,,,,
-0.101950424,-0.033140289,0.293425188,-0.125439443,-0.062896959,0.405651748,11,,,,,,,,,
-0.101950466,-0.033186496,0.293417214,-0.125453179,-0.062896959,0.405585809,11,,,,,,,,,
-0.101950508,-0.033232691,0.293409241,-0.125466908,-0.062896959,0.405519877,11,,,,,,,,,
-0.101950549,-0.033280686,0.293401268,-0.125480212,-0.062896959,0.405446797,11,,,,,,,,,
-0.101950591,-0.033326854,0.293393296,-0.125493927,-0.062896959,0.405380879,11,,,,,,,,,
-0.101950633,-0.033373008,0.293385323,-0.125507634,-0.062896959,0.405314967,11,,,,,,,,,
-0.101950675,-0.033482695,0.293377351,-0.125553555,-0.062896959,0.405204771,11,,,,,,,,,
-0.1025718,-0.026668291,0.297155242,-0.125363917,-0.062896959,0.412024171,11,,,,,,,,,
-0.102571829,-0.0267135,0.297147836,-0.125376533,-0.062896959,0.411956921,11,,,,,,,,,
-0.102571859,-0.026756941,0.29714043,-0.125389522,-0.062896959,0.411896346,11,,,,,,,,,
-0.102571888,-0.026800371,0.297133024,-0.125402505,-0.062896959,0.411835776,11,,,,,,,,,
-0.102571917,-0.02684379,0.297125618,-0.125415482,-0.062896959,0.41177521,11,,,,,,,,,
-0.102571947,-0.026888951,0.297118213,-0.125428073,-0.062896959,0.411707986,11,,,,,,,,,
-0.102571976,-0.026932347,0.297110807,-0.125441038,-0.062896959,0.411647431,11,,,,,,,,,
-0.102742799,-0.020370886,0.301127496,-0.125353014,-0.062896959,0.417813015,11,,,,,,,,,
-0.102742827,-0.020412077,0.301120566,-0.125365374,-0.062896959,0.417756457,11,,,,,,,,,
-0.10283134,-0.021103263,0.300256849,-0.125406813,-0.062896959,0.417666265,11,,,,,,,,,
-0.102831364,-0.02114609,0.300249938,-0.125418804,-0.062896959,0.417603416,11,,,,,,,,,
-0.102831387,-0.021187207,0.300243027,-0.125431138,-0.062896959,0.41754685,11,,,,,,,,,
-0.102818161,-0.021172809,0.300232995,-0.125450228,-0.062896959,0.417587146,11,,,,,,,,,
-0.102818185,-0.021253158,0.300226085,-0.125482259,-0.062896959,0.417500389,11,,,,,,,,,
-0.102818208,-0.021294209,0.300219175,-0.125494562,-0.062896959,0.417443889,11,,,,,,,,,
-0.102818232,-0.02133525,0.300212265,-0.125506859,-0.062896959,0.417387394,11,,,,,,,,,
-0.103330007,-0.019230146,0.301537971,-0.125519032,-0.062472598,0.421326329,11,,,,,,,,,
-0.10333002,-0.019239108,0.30153152,-0.125544701,-0.062472598,0.421323291,11,,,,,,,,,
-0.103307465,-0.019234242,0.30139195,-0.125093089,-0.06190348,0.421496735,11,,,,,,,,,
-0.103307478,-0.019272755,0.301385502,-0.125104637,-0.06190348,0.421443981,11,,,,,,,,,
-0.10330835,-0.019308135,0.301391822,-0.125118593,-0.06190348,0.421395642,11,,,,,,,,,
-0.103308363,-0.019350279,0.301385373,-0.12513031,-0.06190348,0.421333961,11,,,,,,,,,
-0.103308376,-0.019388769,0.301378925,-0.125141843,-0.06190348,0.421281213,11,,,,,,,,,
-0.103283211,-0.019307328,0.301176893,-0.124718816,-0.061054511,0.421501725,11,,,,,,,,,
-0.103283225,-0.019345648,0.301170449,-0.124730341,-0.061054511,0.421449217,11,,,,,,,,,
-0.103659664,-0.017702991,0.302723465,-0.125186296,-0.061054511,0.423173435,11,,,,,,,,,
-0.103659671,-0.017740921,0.302717415,-0.125196913,-0.061054511,0.423118335,11,,,,,,,,,
-0.103659678,-0.017777316,0.302711364,-0.125207809,-0.061054511,0.423068714,11,,,,,,,,,
-0.103659685,-0.017815231,0.302705314,-0.125218417,-0.061054511,0.423013623,11,,,,,,,,,
-0.103659692,-0.017853137,0.302699264,-0.125229022,-0.061054511,0.422958536,11,,,,,,,,,
-0.1036597,-0.017889509,0.302693214,-0.125239905,-0.061054511,0.422908925,11,,,,,,,,,
-0.103659707,-0.017925874,0.302687164,-0.125250784,-0.061054511,0.422859316,11,,,,,,,,,
-0.103629668,-0.018136916,0.302187182,-0.125250784,-0.061054511,0.422859316,11,,,,,,,,,
-0.103896456,-0.018423934,0.301418854,-0.125672936,-0.061054511,0.424174025,11,,,,,,,,,
-0.103896457,-0.018460087,0.301412927,-0.125682977,-0.061054511,0.424121876,11,,,,,,,,,
-0.103896458,-0.018498071,0.301407,-0.125693411,-0.061054511,0.424066844,11,,,,,,,,,
-0.103884924,-0.018589697,0.301374256,-0.125794888,-0.060919459,0.424121874,11,,,,,,,,,
-0.103915047,-0.000854588,0.301314654,-0.125992511,-0.060919459,0.465162478,11,,,,,,,,,
-0.103915048,-0.000889562,0.301308727,-0.126002635,-0.060919459,0.465115359,11,,,,,,,,,
-0.103915048,-0.000924529,0.301302802,-0.126012754,-0.060919459,0.465068241,11,,,,,,,,,
-0.103891724,-0.000836168,0.301108051,-0.125857363,-0.060070281,0.465251298,11,,,,,,,,,
-0.103891725,-0.000871006,0.301102129,-0.125867456,-0.060070281,0.465204361,11,,,,,,,,,
-0.104036098,-8.57E-05,0.302095534,-0.12587599,-0.060070281,0.465297377,11,,,,,,,,,
-0.104036098,-0.000120428,0.302089789,-0.125886074,-0.060070281,0.465250462,11,,,,,,,,,
-0.103975068,-0.005374775,0.302238956,-0.128028339,-0.059905408,0.458837694,11,,,,,,,,,
-0.103975069,-0.005410239,0.302233208,-0.128037594,-0.059905408,0.458785435,11,,,,,,,,,
-0.104163462,-0.003923811,0.304049807,-0.127994175,-0.059905408,0.457647888,11,,,,,,,,,
-0.104163462,-0.003957069,0.304044354,-0.128003533,-0.059905408,0.457601786,11,,,,,,,,,
-0.104163462,-0.003991777,0.304038902,-0.128012657,-0.059905408,0.457550729,11,,,,,,,,,
-0.10416505,-0.004092554,0.304032743,-0.128056226,-0.059905408,0.457456706,11,,,,,,,,,
-0.10416505,-0.004128988,0.304027291,-0.128065715,-0.059905408,0.457402927,11,,,,,,,,,
-0.104165051,-0.00416367,0.304021839,-0.12807482,-0.059905408,0.457351864,11,,,,,,,,,
-0.104165051,-0.004241773,0.304016386,-0.128108151,-0.059905408,0.457279069,11,,,,,,,,,
-0.104146616,-0.00425238,0.303966609,-0.127863721,-0.059615817,0.457306459,11,,,,,,,,,
-0.104146616,-0.004271355,0.303961158,-0.127883323,-0.059615817,0.457276701,11,,,,,,,,,
-0.104146617,-0.004304464,0.303955708,-0.127892637,-0.059615817,0.457230737,11,,,,,,,,,
-0.104146617,-0.004337567,0.303950257,-0.127901948,-0.059615817,0.457184775,11,,,,,,,,,
-0.104361621,-0.003177413,0.305192006,-0.127869913,-0.059615817,0.457235867,11,,,,,,,,,
-0.104506955,-0.001938028,0.306668397,-0.127825235,-0.059615817,0.456184723,11,,,,,,,,,
-0.104805684,-0.001299239,0.307367148,-0.128231887,-0.059615817,0.457092817,11,,,,,,,,,
-0.104771135,-0.001356592,0.307243792,-0.127881619,-0.059046261,0.457073074,11,,,,,,,,,
-0.104771738,-0.001360784,0.307248245,-0.127884431,-0.059046261,0.457067981,11,,,,,,,,,
-0.104771734,-0.001391391,0.307243544,-0.127893147,-0.059046261,0.457025598,11,,,,,,,,,
-0.10477173,-0.001460652,0.307238844,-0.12792205,-0.059046261,0.456952788,11,,,,,,,,,
-0.104771725,-0.001491245,0.307234144,-0.127930756,-0.059046261,0.456910403,11,,,,,,,,,
-0.104771721,-0.001523201,0.307229445,-0.127939245,-0.059046261,0.456863444,11,,,,,,,,,
-0.104753819,-0.001600384,0.307222417,-0.127971615,-0.059046261,0.456796385,11,,,,,,,,,
-0.104753815,-0.001632325,0.307217717,-0.127980093,-0.059046261,0.456749421,11,,,,,,,,,
-0.104753811,-0.001662896,0.307213017,-0.127988782,-0.059046261,0.456707032,11,,,,,,,,,
-0.104867594,-0.00062727,0.30845996,-0.127944321,-0.059046261,0.455677254,11,,,,,,,,,
-0.10486759,-0.0006586,0.308455461,-0.127952689,-0.059046261,0.455631275,11,,,,,,,,,
-0.104970698,0.000288133,0.309596936,-0.127906871,-0.059046261,0.454637235,11,,,,,,,,,
-0.104928567,0.008681114,0.311033983,-0.128082746,-0.059046261,0.470266079,11,,,,,,,,,
-0.104928567,0.008681114,0.311033983,-0.128082746,-0.059046261,0.470266079,11,,,,,,,,,
-0.104928565,0.008652795,0.311029843,-0.128090857,-0.059046261,0.470227237,11,,,,,,,,,
-0.104912903,0.008584021,0.311023675,-0.128119731,-0.059046261,0.470168195,11,,,,,,,,,
-0.1049129,0.008555712,0.311019534,-0.128127834,-0.059046261,0.470129345,11,,,,,,,,,
-0.104912898,0.008527407,0.311015393,-0.128135933,-0.059046261,0.470090496,11,,,,,,,,,
-0.104912896,0.008499105,0.311011253,-0.128144031,-0.059046261,0.470051648,11,,,,,,,,,
-0.104912894,0.008470807,0.311007112,-0.128152126,-0.059046261,0.4700128,11,,,,,,,,,
-0.104912892,0.008442513,0.311002972,-0.128160219,-0.059046261,0.469973954,11,,,,,,,,,
-0.10491289,0.008414223,0.310998831,-0.12816831,-0.059046261,0.469935108,11,,,,,,,,,
-0.104912888,0.008385937,0.310994691,-0.128176399,-0.059046261,0.469896264,11,,,,,,,,,
-0.104912886,0.008356345,0.310990551,-0.128184294,-0.059046261,0.469853181,11,,,,,,,,,
-0.104897227,0.008350433,0.310988524,-0.128185596,-0.059046261,0.469850927,11,,,,,,,,,
-0.104897225,0.008319362,0.310984384,-0.128193803,-0.059046261,0.4698055,11,,,,,,,,,
-0.104889471,0.008310679,0.310978428,-0.128203958,-0.059046261,0.469788209,11,,,,,,,,,
-0.104852951,0.010385429,0.312712805,-0.128048755,-0.059046261,0.46978642,11,,,,,,,,,
-0.10485295,0.010357045,0.312708818,-0.128056381,-0.059046261,0.469745479,11,,,,,,,,,
-0.10485295,0.01032226,0.312704832,-0.128061694,-0.059046261,0.469660584,11,,,,,,,,,
-0.104860809,0.010997415,0.313659802,-0.128338421,-0.059046261,0.469717348,11,,,,,,,,,
-0.104860809,0.010970131,0.313655965,-0.12834573,-0.059046261,0.469678083,11,,,,,,,,,
-0.104861905,0.010879309,0.313651649,-0.12838127,-0.059046261,0.469576363,11,,,,,,,,,
-0.104846916,0.01094648,0.313487328,-0.128257204,-0.058196626,0.469672937,11,,,,,,,,,
-0.104846916,0.010920493,0.313483492,-0.128264665,-0.058196626,0.469637649,11,,,,,,,,,
-0.104839772,0.010838405,0.313477985,-0.128301175,-0.058196626,0.469568668,11,,,,,,,,,
-0.104839772,0.010812427,0.313474149,-0.128308627,-0.058196626,0.46953337,11,,,,,,,,,
-0.104824648,0.010830034,0.313242148,-0.12799284,-0.057230905,0.469471586,11,,,,,,,,,
-0.104824648,0.01080415,0.313238314,-0.128000286,-0.057230905,0.469436415,11,,,,,,,,,
-0.104824648,0.010778268,0.31323448,-0.12800773,-0.057230905,0.469401246,11,,,,,,,,,
-0.104795792,0.010767438,0.313230792,-0.128010133,-0.057230905,0.469397245,11,,,,,,,,,
-0.104795792,0.010740355,0.313226958,-0.128017406,-0.057230905,0.469358229,11,,,,,,,,,
-0.104887065,0.011152753,0.313726257,-0.128026152,-0.057230905,0.469415579,11,,,,,,,,,
-0.104887065,0.011126957,0.313722524,-0.128033587,-0.057230905,0.469380423,11,,,,,,,,,
-0.105069753,0.010790983,0.314079689,-0.128187597,-0.057230905,0.468102251,11,,,,,,,,,
-0.105069752,0.010766154,0.314076093,-0.128194753,-0.057230905,0.468068544,11,,,,,,,,,
-0.105070776,0.010674242,0.314072047,-0.128235726,-0.057230905,0.467984775,11,,,,,,,,,
-0.105058195,0.010619642,0.313963293,-0.127951612,-0.056661029,0.467919993,11,,,,,,,,,
-0.105058193,0.010562452,0.313959697,-0.127977158,-0.056661029,0.467869628,11,,,,,,,,,
-0.105058191,0.010537706,0.313956102,-0.127984296,-0.056661029,0.467835993,11,,,,,,,,,
-0.105058191,0.010535355,0.313956102,-0.12798545,-0.056661029,0.467834083,11,,,,,,,,,
-0.105058189,0.010510612,0.313952506,-0.127992586,-0.056661029,0.467800449,11,,,,,,,,,
-0.105058187,0.010485872,0.313948911,-0.12799972,-0.056661029,0.467766815,11,,,,,,,,,
-0.105058186,0.010461134,0.313945316,-0.128006852,-0.056661029,0.467733182,11,,,,,,,,,
-0.105020741,0.006673955,0.313958878,-0.129488045,-0.05649559,0.462949696,11,,,,,,,,,
-0.104982031,0.00622283,0.314152669,-0.129601831,-0.056370025,0.4619325,11,,,,,,,,,
-0.10498203,0.006198525,0.314149071,-0.129608622,-0.056370025,0.461898825,11,,,,,,,,,
-0.104982029,0.006144242,0.314145474,-0.129632214,-0.056370025,0.461849149,11,,,,,,,,,
-0.104982027,0.006118826,0.314141876,-0.129638834,-0.056370025,0.461811876,11,,,,,,,,,
-0.104982026,0.006094532,0.314138279,-0.129645617,-0.056370025,0.461778197,11,,,,,,,,,
-0.10496266,0.006124013,0.314050062,-0.129519514,-0.055790336,0.461830748,11,,,,,,,,,
-0.104962659,0.006099765,0.314046466,-0.129526291,-0.055790336,0.461797135,11,,,,,,,,,
-0.104800107,0.00538005,0.314038647,-0.12967049,-0.055790336,0.460438221,11,,,,,,,,,
-0.104800108,0.005355907,0.314035051,-0.129677223,-0.055790336,0.460404718,11,,,,,,,,,
-0.104881028,0.005920492,0.314722369,-0.129635552,-0.055790336,0.459563592,11,,,,,,,,,
-0.104881028,0.005896719,0.314718892,-0.12964222,-0.055790336,0.459530651,11,,,,,,,,,
-0.104881029,0.005872949,0.314715415,-0.129648885,-0.055790336,0.459497712,11,,,,,,,,,
-0.104882019,0.005801178,0.314711512,-0.129680268,-0.055790336,0.459431136,11,,,,,,,,,
-0.104882019,0.005775069,0.314708035,-0.129686995,-0.055790336,0.459392598,11,,,,,,,,,
-0.104846658,0.007842424,0.315919287,-0.129573877,-0.055790336,0.460777735,11,,,,,,,,,
-0.104834065,0.007767422,0.315917695,-0.129610782,-0.055790336,0.460723538,11,,,,,,,,,
-0.104834065,0.007289148,0.315236103,-0.12959805,-0.048104345,0.458623443,11,,,,,,,,,
-0.104834066,0.007237967,0.315232735,-0.1296205,-0.048104345,0.458576893,11,,,,,,,,,
-0.10479801,0.006796218,0.315272733,-0.129731991,-0.047929067,0.457611185,11,,,,,,,,,
0,-0.124548078,-0.087166151,0,0,-0.112195958,10,,,,,,,,,
0,-0.124548078,-0.087166151,0,0,-0.112195958,10,,,,,,,,,
0,-0.123841662,-0.087952331,0,0,-0.111683291,10,,,,,,,,,
0.981757404,-0.130580101,-0.130402124,-0.106058938,-0.115727512,-0.120575844,10,,,,,,,,,
0,0.192548936,0,0,0,0,9,,,,,,,,,
-0.056858627,0.156677484,-0.220504746,-0.131801069,0.48894018,0.23259557,9,,,,,,,,,
-0.056318605,0.162549343,-0.214187067,-0.135384725,0.11131474,0.297545051,9,,,,,,,,,
-0.056333445,0.169773357,-0.214214439,-0.135546257,0.11131474,0.294693406,9,,,,,,,,,
-0.056335389,0.169754723,-0.214217415,-0.135552632,0.11131474,0.294687706,9,,,,,,,,,
-0.056337334,0.169736088,-0.21422039,-0.135559006,0.11131474,0.294682004,9,,,,,,,,,
-0.05619294,0.194339609,-0.159428394,-0.13656672,-0.040265864,0.114675178,9,,,,,,,,,
-0.056209185,0.201930514,-0.15944861,-0.137516726,-0.040265864,0.106294168,9,,,,,,,,,
-0.056227015,0.209099715,-0.159471053,-0.138316639,-0.040265864,0.098294238,9,,,,,,,,,
-0.056243215,0.215864568,-0.159491206,-0.138941958,-0.040265864,0.090975793,9,,,,,,,,,
-0.056245135,0.215847754,-0.159493209,-0.138946986,-0.040265864,0.09101802,9,,,,,,,,,
-0.056185678,0.222449863,-0.154826924,-0.137534823,-0.053294755,0.072443354,9,,,,,,,,,
-0.055282415,0.21515155,-0.157822613,-0.142303002,-0.055185121,0.06216552,9,,,,,,,,,
-0.055277882,0.231900515,-0.153488674,-0.140472958,-0.055126809,0.046255937,9,,,,,,,,,
-0.054277545,0.231633738,-0.153574193,-0.142103805,-0.055126809,0.039026782,9,,,,,,,,,
-0.054188189,0.235386399,-0.1536058,-0.142547805,-0.055126809,0.034080967,9,,,,,,,,,
-0.054190101,0.235303374,-0.153607578,-0.142548045,-0.055126809,0.034075721,9,,,,,,,,,
-0.054195994,0.235170317,-0.153625275,-0.142315254,-0.055126809,0.034094287,9,,,,,,,,,
-0.054194041,0.235033887,-0.153643566,-0.142082505,-0.055126809,0.034112845,9,,,,,,,,,
-0.054277575,0.237922981,-0.1549258,-0.14202744,-0.055936779,0.034232372,9,,,,,,,,,
-0.054279476,0.237791101,-0.154908247,-0.14179664,-0.055936779,0.034251427,9,,,,,,,,,
-0.054296621,0.24173921,-0.154925776,-0.142029419,-0.055936779,0.029860628,9,,,,,,,,,
-0.054382168,0.24571471,-0.156283826,-0.141750641,-0.056788317,0.028914949,9,,,,,,,,,
-0.053992017,0.242873082,-0.157585973,-0.1432972,-0.057592675,0.02318431,9,,,,,,,,,
-0.053497589,0.241935649,-0.159300736,-0.144205261,-0.058660614,0.019167221,9,,,,,,,,,
-0.05350898,0.245351394,-0.159592937,-0.144166657,-0.058837504,0.018931407,9,,,,,,,,,
-0.05352419,0.247835014,-0.159612667,-0.144375352,-0.058837504,0.014835272,9,,,,,,,,,
-0.053541238,0.250800164,-0.159630042,-0.144457038,-0.058837504,0.011428562,9,,,,,,,,,
-0.053639092,0.251479237,-0.16128775,-0.144600959,-0.059899064,0.011496148,9,,,,,,,,,
-0.053656027,0.251607232,-0.161305188,-0.144697713,-0.059899064,0.008872607,9,,,,,,,,,
-0.056478291,0.285604447,-0.158502041,-0.144504612,-0.059899064,0.008894133,9,,,,,,,,,
-0.056480251,0.285496816,-0.158514779,-0.144310916,-0.059899064,0.008914654,9,,,,,,,,,
-0.056504348,0.289028528,-0.158549063,-0.144264874,-0.059899064,0.008005658,9,,,,,,,,,
-0.056430545,0.29215156,-0.158588561,-0.144309033,-0.059899064,0.005125693,9,,,,,,,,,
-0.056431956,0.300021117,-0.156469247,-0.143300899,-0.060457199,-0.001870939,9,,,,,,,,,
-0.055994947,0.295942334,-0.150653515,-0.142413786,-0.062307037,-0.011349257,9,,,,,,,,,
-0.055437314,0.289084087,-0.152468714,-0.143588626,-0.06342818,-0.014382843,9,,,,,,,,,
-0.055521713,0.290970324,-0.153402386,-0.143501877,-0.064010431,-0.015553237,9,,,,,,,,,
-0.055523328,0.290957893,-0.153403916,-0.143504008,-0.064010431,-0.01552921,9,,,,,,,,,
-0.055128755,0.290145371,-0.153494859,-0.143825408,-0.064010431,-0.018814527,9,,,,,,,,,
-0.054582884,0.286851615,-0.154447522,-0.144183389,-0.06456819,-0.021737854,9,,,,,,,,,
-0.054337341,0.292447089,-0.151422969,-0.143238687,-0.06573403,-0.028762922,9,,,,,,,,,
-0.054338954,0.292435474,-0.151424417,-0.143240586,-0.06573403,-0.028741009,9,,,,,,,,,
-0.054340567,0.292421711,-0.151425866,-0.143242798,-0.06573403,-0.028712978,9,,,,,,,,,
-0.05434218,0.292364393,-0.151427314,-0.14324402,-0.06573403,-0.028708969,9,,,,,,,,,
-0.054277639,0.293638302,-0.151448742,-0.143306643,-0.06573403,-0.030769371,9,,,,,,,,,
-0.054282227,0.293539391,-0.15146332,-0.143162432,-0.06573403,-0.030755631,9,,,,,,,,,
-0.053707996,0.290018901,-0.151542815,-0.143565395,-0.06573403,-0.03401986,9,,,,,,,,,
-0.053709616,0.290007515,-0.151544258,-0.143567143,-0.06573403,-0.03399874,9,,,,,,,,,
-0.053711236,0.289996129,-0.1515457,-0.143568891,-0.06573403,-0.03397762,9,,,,,,,,,
-0.053314703,0.295073054,-0.149647566,-0.142661898,-0.065695021,-0.039086194,9,,,,,,,,,
-0.053301241,0.295737758,-0.150442746,-0.14195187,-0.065591908,-0.039760823,9,,,,,,,,,
-0.05330241,0.295660718,-0.150452406,-0.14182146,-0.065591908,-0.039749197,9,,,,,,,,,
-0.053306241,0.295567631,-0.150465367,-0.141690921,-0.065591908,-0.039737863,9,,,,,,,,,
-0.052824416,0.292934001,-0.150525316,-0.14206865,-0.065591908,-0.042302454,9,,,,,,,,,
-0.052902295,0.293997951,-0.150957601,-0.142040366,-0.065842983,-0.043214502,9,,,,,,,,,
-0.052902885,0.293995346,-0.150957674,-0.142040366,-0.065842983,-0.043214502,9,,,,,,,,,
-0.052898896,0.293939836,-0.150969566,-0.14204189,-0.065842983,-0.043195325,9,,,,,,,,,
-0.052938096,0.294695405,-0.153175314,-0.141378625,-0.066711654,-0.042715795,9,,,,,,,,,
-0.052939678,0.294685287,-0.153176647,-0.141380265,-0.066711654,-0.042697329,9,,,,,,,,,
-0.052941259,0.294675169,-0.153177979,-0.141381905,-0.066711654,-0.042678864,9,,,,,,,,,
-0.05297304,0.294475633,-0.153191956,-0.141259439,-0.066711654,-0.042666807,9,,,,,,,,,
-0.052974621,0.294465518,-0.153193287,-0.14126108,-0.066711654,-0.042648343,9,,,,,,,,,
-0.052976201,0.294455403,-0.153194618,-0.141262721,-0.066711654,-0.042629879,9,,,,,,,,,
-0.053002528,0.294228452,-0.153225109,-0.141271232,-0.066711654,-0.042543505,9,,,,,,,,,
-0.05294683,0.293144846,-0.153268152,-0.141701857,-0.066711654,-0.041384001,9,,,,,,,,,
-0.052961593,0.295308842,-0.15328656,-0.141674199,-0.066711654,-0.041791599,9,,,,,,,,,
-0.053044581,0.295921676,-0.153781233,-0.141675631,-0.066998492,-0.042758377,9,,,,,,,,,
-0.052581526,0.294449874,-0.152564633,-0.140980757,-0.066981319,-0.045865122,9,,,,,,,,,
-0.052583096,0.294440282,-0.15256591,-0.140982301,-0.066981319,-0.045847873,9,,,,,,,,,
-0.052604419,0.296108137,-0.152592268,-0.140979782,-0.066981319,-0.04716406,9,,,,,,,,,
-0.052605988,0.296098609,-0.152593545,-0.140981312,-0.066981319,-0.047146991,9,,,,,,,,,
-0.052607558,0.296083143,-0.152594822,-0.140983074,-0.066981319,-0.047126676,9,,,,,,,,,
-0.052633281,0.295909592,-0.152633952,-0.140870051,-0.066981319,-0.047117383,9,,,,,,,,,
-0.052704694,0.296930527,-0.15322948,-0.140906683,-0.067355641,-0.047867742,9,,,,,,,,,
-0.052706806,0.298968805,-0.153231802,-0.140882549,-0.067355641,-0.048144694,9,,,,,,,,,
-0.052629779,0.297938488,-0.153599528,-0.141019942,-0.06754257,-0.049332165,9,,,,,,,,,
-0.0519437,0.297395226,-0.152723402,-0.140662562,-0.067544446,-0.053152044,9,,,,,,,,,
-0.05194526,0.29738618,-0.152724629,-0.140663982,-0.067544446,-0.053136135,9,,,,,,,,,
-0.051793234,0.297195347,-0.153117239,-0.140700983,-0.067765454,-0.054109017,9,,,,,,,,,
-0.051478508,0.29436953,-0.153544181,-0.1409552,-0.067986249,-0.055568575,9,,,,,,,,,
-0.051480068,0.29436065,-0.153545406,-0.140956544,-0.067986249,-0.055553115,9,,,,,,,,,
-0.051097741,0.293117788,-0.153605312,-0.141130157,-0.067986249,-0.057083494,9,,,,,,,,,
-0.050667311,0.291928276,-0.153669896,-0.14128494,-0.067986249,-0.058506132,9,,,,,,,,,
-0.048777871,0.283337018,-0.153850149,-0.141697604,-0.067986249,-0.061655892,9,,,,,,,,,
-0.048779469,0.283328372,-0.153851363,-0.141698759,-0.067986249,-0.06164119,9,,,,,,,,,
-0.048784505,0.2832284,-0.153840059,-0.141602753,-0.067986249,-0.061631509,9,,,,,,,,,
-0.04880207,0.284041593,-0.153861008,-0.141623462,-0.067986249,-0.062714809,9,,,,,,,,,
-0.048805222,0.283988967,-0.153872073,-0.141624523,-0.067986249,-0.062699958,9,,,,,,,,,
-0.048495637,0.283965305,-0.156103178,-0.141379649,-0.068281079,-0.063543848,9,,,,,,,,,
-0.048213463,0.282813003,-0.156139092,-0.141438845,-0.068281079,-0.064791076,9,,,,,,,,,
-0.048215045,0.282804734,-0.156140285,-0.141439918,-0.068281079,-0.06477724,9,,,,,,,,,
-0.047836825,0.282726938,-0.156194111,-0.141464945,-0.068281079,-0.06577084,9,,,,,,,,,
-0.047870469,0.283860465,-0.156301919,-0.141456406,-0.0683328,-0.066470427,9,,,,,,,,,
-0.047061663,0.281213271,-0.155726839,-0.141219,-0.068202074,-0.069249213,9,,,,,,,,,
-0.047063246,0.281205353,-0.155727986,-0.141220005,-0.068202074,-0.069236135,9,,,,,,,,,
-0.045897016,0.276863432,-0.15584628,-0.141291252,-0.068202074,-0.070977742,9,,,,,,,,,
-0.045905175,0.278300144,-0.155836605,-0.141288274,-0.068202074,-0.071144282,9,,,,,,,,,
-0.045906777,0.278292316,-0.155837749,-0.14128923,-0.068202074,-0.071131449,9,,,,,,,,,
-0.045943908,0.281173698,-0.156318272,-0.141005509,-0.067961119,-0.071788925,9,,,,,,,,,
-0.047829066,0.278544242,-0.154787183,-0.14183063,-0.067797787,-0.060837932,9,,,,,,,,,
-0.047842275,0.279862501,-0.154787024,-0.14182234,-0.067797787,-0.061024275,9,,,,,,,,,
-0.047606661,0.281849502,-0.154366056,-0.141455174,-0.06783338,-0.062993444,9,,,,,,,,,
-0.047607949,0.281842819,-0.154366998,-0.141456093,-0.06783338,-0.062981995,9,,,,,,,,,
-0.046909584,0.279510459,-0.155111773,-0.141265243,-0.067317807,-0.064007566,9,,,,,,,,,
-0.046802685,0.279423479,-0.155210387,-0.141295798,-0.067357039,-0.064709138,9,,,,,,,,,
-0.04636139,0.277634268,-0.155514821,-0.141384005,-0.067513903,-0.065584579,9,,,,,,,,,
-0.045854668,0.275101014,-0.155782182,-0.141455585,-0.067637945,-0.066505808,9,,,,,,,,,
-0.04569456,0.274750587,-0.155816733,-0.141478354,-0.067637945,-0.067341605,9,,,,,,,,,
-0.045450426,0.276782044,-0.155329406,-0.141195975,-0.067529023,-0.068685961,9,,,,,,,,,
-0.045156519,0.276031679,-0.155377574,-0.141231354,-0.067529023,-0.069567039,9,,,,,,,,,
-0.045171144,0.280052817,-0.155453375,-0.141215403,-0.067291769,-0.070555773,9,,,,,,,,,
-0.045178475,0.28115456,-0.155461486,-0.141209108,-0.067291769,-0.070682675,9,,,,,,,,,
-0.045179764,0.281148443,-0.155462379,-0.14120991,-0.067291769,-0.070672501,9,,,,,,,,,
-0.045180779,0.281142161,-0.155462333,-0.141210522,-0.067291769,-0.070664926,9,,,,,,,,,
-0.045182068,0.281136044,-0.155463226,-0.141211325,-0.067291769,-0.070654753,9,,,,,,,,,
-0.045200317,0.282367835,-0.155484127,-0.141196975,-0.067291769,-0.071133799,9,,,,,,,,,
-0.044513713,0.280097776,-0.155554569,-0.141276448,-0.067291769,-0.072139395,9,,,,,,,,,
-0.044102027,0.278775557,-0.155596652,-0.141320644,-0.067291769,-0.072680841,9,,,,,,,,,
-0.044174756,0.279564001,-0.155824146,-0.141316501,-0.067424767,-0.073015668,9,,,,,,,,,
-0.044189113,0.280011661,-0.155840388,-0.141323836,-0.067424767,-0.073653217,9,,,,,,,,,
-0.044342736,0.281556824,-0.155768711,-0.141381178,-0.067109519,-0.07325886,9,,,,,,,,,
-0.044360991,0.281437416,-0.155793992,-0.141319352,-0.067109519,-0.073252874,9,,,,,,,,,
-0.044373094,0.282774587,-0.155792903,-0.141302164,-0.067109519,-0.073545065,9,,,,,,,,,
-0.044372341,0.282713083,-0.155802859,-0.141240634,-0.067109519,-0.073538666,9,,,,,,,,,
-0.044523582,0.283141491,-0.156066462,-0.141241287,-0.067289008,-0.074104334,9,,,,,,,,,
-0.063793092,-0.106105727,0,-0.10746047,0,0,2,,,,,,,,,
0.078281777,0.333393753,-0.125254833,-0.113409562,-0.0625,-0.113409562,2,,,,,,,,,
0.110533568,0.035416534,-0.051264794,-0.134851692,0.585172376,-0.224860815,2,,,,,,,,,
0.103669837,0.041476269,-0.086078499,-0.133803185,0.352107358,-0.202434995,2,,,,,,,,,
0.10572491,0.039343921,-0.092922448,-0.132880697,0.257694102,-0.189062967,2,,,,,,,,,
0.102229802,0.043729881,-0.096857781,-0.13195493,0.214549392,-0.181559502,2,,,,,,,,,
-0.055933458,-0.131516581,-0.087287831,-0.131125859,0.214549392,-0.180045846,2,,,,,,,,,
-0.054063289,-0.130641931,-0.096117783,-0.129953361,0.283879187,-0.19616235,2,,,,,,,,,
-0.054061211,-0.130642229,-0.096117188,-0.129953361,0.283879187,-0.19616235,2,,,,,,,,,
-0.054059962,-0.130734796,-0.096117817,-0.130042982,0.283879187,-0.196275556,2,,,,,,,,,
-0.050561811,-0.125322527,-0.103150768,-0.123095316,0.436872615,-0.202819352,2,,,,,,,,,
-0.04784798,-0.126192068,-0.101886351,-0.123993434,0.390296024,-0.19925586,2,,,,,,,,,
-0.0451998,-0.126391629,-0.098753425,-0.12549217,0.296932064,-0.189834853,2,,,,,,,,,
-0.042769684,-0.127306802,-0.099001892,-0.126178885,0.278866789,-0.18815317,2,,,,,,,,,
-0.042769684,-0.127306802,-0.099001892,-0.126178885,0.278866789,-0.18815317,2,,,,,,,,,
-0.042770292,-0.127316894,-0.099002634,-0.12618997,0.278866789,-0.188165406,2,,,,,,,,,
-0.039687679,-0.123353332,-0.135909089,-0.124239285,0.450796226,-0.16110757,2,,,,,,,,,
-0.037707108,-0.122954111,-0.134897041,-0.12422045,0.430914897,-0.161050357,2,,,,,,,,,
-0.034698685,-0.123448301,-0.134371336,-0.124588044,0.434532251,-0.170150398,2,,,,,,,,,
-0.03213671,-0.122854636,-0.133346467,-0.124578316,0.409705727,-0.169421555,2,,,,,,,,,
-0.029727158,-0.122206393,-0.130364201,-0.124435745,0.438643025,-0.17203415,2,,,,,,,,,
-0.027239862,-0.121029594,-0.127592234,-0.124638663,0.462377454,-0.174891889,2,,,,,,,,,
-0.025945287,-0.12104939,-0.129205356,-0.124576837,0.4998496,-0.182939342,2,,,,,,,,,
-0.025969901,-0.120878586,-0.128448328,-0.12460777,0.478994305,-0.182172737,2,,,,,,,,,
-0.023521973,-0.120059709,-0.126868496,-0.125182775,0.428971538,-0.180965211,2,,,,,,,,,
-0.020727644,-0.116361111,-0.147069225,-0.123936354,0.495368913,-0.167891398,2,,,,,,,,,
-0.018760737,-0.115666756,-0.144143984,-0.123843303,0.525562798,-0.16965963,2,,,,,,,,,
-0.018759647,-0.115678797,-0.144142255,-0.123851045,0.525562798,-0.169649072,2,,,,,,,,,
-0.018758557,-0.115690829,-0.144140526,-0.123858782,0.525562798,-0.169638517,2,,,,,,,,,
-0.018773833,-0.115458271,-0.143722648,-0.123846732,0.51466257,-0.169686658,2,,,,,,,,,
-0.018772743,-0.115470645,-0.143720969,-0.123854827,0.51466257,-0.169676872,2,,,,,,,,,
-0.018772743,-0.11547294,-0.143720969,-0.123855624,0.51466257,-0.169674789,2,,,,,,,,,
-0.016327476,-0.114760708,-0.143135182,-0.123842343,0.498831026,-0.169633363,2,,,,,,,,,
-0.016180544,-0.114113657,-0.143003197,-0.123828261,0.488618618,-0.169584298,2,,,,,,,,,
-0.01599631,-0.112937197,-0.143227495,-0.123817951,0.483613665,-0.169576221,2,,,,,,,,,
-0.016029975,-0.112652931,-0.143357792,-0.123798477,0.483613665,-0.169631716,2,,,,,,,,,
-0.016463406,-0.113811345,-0.141134419,-0.124101031,0.450414977,-0.169921591,2,,,,,,,,,
-0.014225955,-0.11305984,-0.140674432,-0.124094073,0.437133523,-0.169620279,2,,,,,,,,,
-0.013342276,-0.113004742,-0.137381379,-0.12404534,0.455148194,-0.171359383,2,,,,,,,,,
-0.011268697,-0.112932485,-0.136714497,-0.124572562,0.430954043,-0.171485705,2,,,,,,,,,
-0.009859366,-0.112871535,-0.136229841,-0.124526638,0.42894842,-0.174298417,2,,,,,,,,,
-0.007763277,-0.112025731,-0.135979028,-0.124513497,0.418153976,-0.17385623,2,,,,,,,,,
-0.007653265,-0.111740039,-0.135620955,-0.124501216,0.407745766,-0.173405497,2,,,,,,,,,
-0.00610683,-0.108979757,-0.135877407,-0.124492658,0.397708873,-0.172914735,2,,,,,,,,,
-0.005061994,-0.107206621,-0.134460915,-0.124401732,0.420946465,-0.174415054,2,,,,,,,,,
-0.004921753,-0.106599176,-0.13413028,-0.124383496,0.407877533,-0.17380763,2,,,,,,,,,
-0.004920814,-0.10661137,-0.134129483,-0.124390439,0.407877533,-0.173804645,2,,,,,,,,,
-0.004921213,-0.106620551,-0.134129816,-0.124392348,0.407877533,-0.173795358,2,,,,,,,,,
-0.003764219,-0.106044201,-0.13383759,-0.124382563,0.398459857,-0.173336382,2,,,,,,,,,
-0.003820873,-0.105783231,-0.131758802,-0.124351707,0.420024765,-0.174815773,2,,,,,,,,,
-0.001886569,-0.103797487,-0.131218712,-0.124151496,0.396341798,-0.173373117,2,,,,,,,,,
6.31E-05,-0.102917789,-0.131036535,-0.124143311,0.387964995,-0.172922565,2,,,,,,,,,
0.001403666,-0.09952764,-0.131602693,-0.12423014,0.387964995,-0.173139704,2,,,,,,,,,
0.003352549,-0.098711785,-0.131204061,-0.124212665,0.377198208,-0.172524937,2,,,,,,,,,
0.005237729,-0.098207339,-0.130972407,-0.12442689,0.369412496,-0.172181434,2,,,,,,,,,
0.005235813,-0.098556921,-0.130973067,-0.124654329,0.369412496,-0.172292986,2,,,,,,,,,
0.007427736,-0.096364632,-0.129318636,-0.124456484,0.386431674,-0.173430389,2,,,,,,,,,
0.007551855,-0.095983676,-0.129207601,-0.12444004,0.376314306,-0.172836212,2,,,,,,,,,
0.008921207,-0.095243975,-0.127254407,-0.124401513,0.400121039,-0.174416293,2,,,,,,,,,
0,-0.076130805,0,0,0,0,0,,,,,,,,,
0,-0.088072862,0,0,0,0,0,,,,,,,,,
-0.085472544,0.014894757,-0.06847493,-0.132972302,-0.074131863,-0.093969231,0,,,,,,,,,
-0.067901495,-0.039319826,-0.134176147,-0.119138382,-0.041518484,-0.121892013,0,,,,,,,,,
-0.06700321,-0.052228129,-0.134275101,-0.124838014,-0.041518484,-0.122851549,0,,,,,,,,,
-0.068995052,-0.066444372,-0.147152294,-0.123790416,-0.005355449,-0.140859296,0,,,,,,,,,
-0.060507236,-0.103180472,0.06232633,-0.138806691,-0.078598244,0.562684076,0,,,,,,,,,
-0.061065645,-0.121094076,0.039892363,-0.140306619,-0.082295697,0.484764451,0,,,,,,,,,
-0.061109759,-0.121427663,0.04126532,-0.140465236,-0.082295697,0.480432735,0,,,,,,,,,
-0.065473734,-0.125238575,0.018003168,-0.139923898,-0.082295697,0.52059545,0,,,,,,,,,
-0.066876607,-0.130227834,0.015733777,-0.140021901,-0.083855569,0.47761788,0,,,,,,,,,
-0.046087211,-0.135559638,0.012625105,-0.137910129,-0.083366629,0.474367829,0,,,,,,,,,
