0246bb54723bd4a49444aa4ca254845a,04fb36199787f2e3e2135611a38321eb,1a29823f99b9514f61ae5a2933be8191,2ec6624b85d9d2c1fa1a6ba515273cdc,48bc5b88fd849b2e2a8e3f86efe250d6,7f9c454a2e016e533e181d53eba113bc,829dde7015c32d7d77d8128665390dab,bc1382a12cdaf2f4856e9aabd3846683e4824c40,c7dc529d8aae76b4e797e4e9e3ea7cd69669e6c3bb3f94d80f1974d1b9f69378,ea581203ae3bb3a25eab60f4d0eebb23
,,,,,,,,,
,,,,,,,,,
,,,,,,,,,
0246bb54723bd4a49444aa4ca254845a,,,,,,,,,
04fb36199787f2e3e2135611a38321eb,,,,,,,,,
1a29823f99b9514f61ae5a2933be8191,,,,,,,,,
2ec6624b85d9d2c1fa1a6ba515273cdc,,,,,,,,,
48bc5b88fd849b2e2a8e3f86efe250d6,,,,,,,,,
7f9c454a2e016e533e181d53eba113bc,,,,,,,,,
829dde7015c32d7d77d8128665390dab,,,,,,,,,
bc1382a12cdaf2f4856e9aabd3846683e4824c40,,,,,,,,,
c7dc529d8aae76b4e797e4e9e3ea7cd69669e6c3bb3f94d80f1974d1b9f69378,,,,,,,,,
ea581203ae3bb3a25eab60f4d0eebb23,,,,,,,,,
