SetFilePointer,SetFilePointerEx,GetFileSize,GetFileSizeEx,GetFileType,NtReadFile,NtWriteFile,CryptAcquireContextW,CreateThread,NtResumeThread,NtGetContextThread,NtSetContextThread,CreateProcessInternalW,NtOpenProcess,Process32NextW,Process32FirstW,NtTerminateProcess,RegCloseKey,RegCreateKeyExW,RegDeleteKeyW,RegQueryValueExW,RegSetValueExW,RegEnumKeyExA,RegOpenKeyExW,NtQueryValueKey,NtOpenKey,socket,shutdown,sendto,connect,bind,listen,accept,recv,send,InternetReadFile,
0,0,0,0,0,1,1,0,1,1,0,0,0,0,0,0,0,5,0,0,1,0,0,5,6,7,0,0,0,0,0,0,0,0,0,0,Locky
888,0,0,0,0,891,1789,0,88,2,0,0,0,9530,0,0,0,6,0,0,1,0,0,5,59,39,0,0,0,0,0,0,0,0,0,0,Locky
888,0,0,0,0,892,1790,0,89,3,2,1,1,9530,0,0,3,8,0,0,1,0,0,7,73,66,0,0,0,0,0,0,0,0,0,0,Locky
888,0,0,0,0,893,1791,0,90,4,2,1,1,9530,0,0,3,13,0,0,2,0,0,12,79,73,0,0,0,0,0,0,0,0,0,0,Locky
888,0,0,0,0,894,1792,0,91,5,2,1,1,9530,0,0,3,56,5,0,34,2,0,51,85,86,0,0,0,0,0,0,0,0,0,0,Locky
888,0,0,0,0,894,7243,0,91,9,2,1,1,9530,0,0,3,56,5,0,34,2,0,51,85,86,0,0,0,0,0,0,0,0,0,0,Locky
888,0,0,0,0,895,7244,0,92,10,2,1,1,9530,0,0,3,105,13,0,72,4,0,98,91,99,0,0,0,0,0,0,0,0,0,0,Locky
888,0,0,0,0,896,7245,0,93,11,2,1,1,9530,0,0,3,110,13,0,73,4,0,102,97,106,0,0,0,0,0,0,0,0,0,0,Locky
888,0,0,0,0,897,7246,0,94,12,2,1,1,9530,0,0,3,115,13,0,74,4,0,106,103,113,0,0,0,0,0,0,0,0,0,0,Locky
888,0,0,0,0,898,7247,0,95,13,2,1,1,9530,0,0,3,120,13,0,75,4,0,110,109,120,0,0,0,0,0,0,0,0,0,0,Locky
888,0,0,0,0,899,7248,0,96,14,2,1,1,9530,0,0,3,125,13,0,76,4,0,114,115,127,0,0,0,0,0,0,0,0,0,0,Locky
888,0,0,0,0,900,7249,0,97,15,2,1,1,9530,0,0,3,130,13,0,77,4,0,118,121,134,0,0,0,0,0,0,0,0,0,0,Locky
888,0,0,0,0,901,7250,0,98,16,2,1,1,9530,0,0,3,135,13,0,78,4,0,122,127,141,0,0,0,0,0,0,0,0,0,0,Locky
888,0,0,0,0,902,7251,0,99,17,2,1,1,9530,0,0,3,140,13,0,79,4,0,126,133,148,0,0,0,0,0,0,0,0,0,0,Locky
888,0,0,0,0,903,7252,0,100,18,2,1,1,9530,0,0,3,145,13,0,80,4,0,130,139,155,0,0,0,0,0,0,0,0,0,0,Locky
889,0,0,0,0,905,7252,0,100,18,2,1,2,9530,0,0,9,145,13,0,80,4,0,130,146,159,0,0,0,0,0,0,0,0,0,0,Locky
889,0,2,0,0,907,7253,0,103,20,3,2,3,9530,0,0,12,147,13,0,80,4,0,132,173,210,0,0,0,0,0,0,0,0,0,0,Locky
889,0,3,0,0,909,7254,0,105,21,3,2,3,9530,0,0,12,148,13,0,80,4,0,133,175,212,0,0,0,0,0,0,0,0,0,0,Locky
889,0,3,0,0,910,7255,0,106,22,3,2,3,9530,0,0,12,153,13,0,81,4,0,138,181,219,0,0,0,0,0,0,0,0,0,0,Locky
889,0,5,0,0,912,7256,0,109,24,4,3,4,9530,0,0,15,156,13,0,82,4,0,141,197,248,0,0,0,0,0,0,0,0,0,0,Locky
890,0,5,0,0,914,7256,0,109,24,4,3,5,9530,0,0,21,156,13,0,82,4,0,141,204,252,0,0,0,0,0,0,0,0,0,0,Locky
890,0,5,0,0,915,7257,0,110,25,4,3,5,9530,0,0,21,161,13,0,83,4,0,146,210,259,0,0,0,0,0,0,0,0,0,0,Locky
3262,6,41,62,10,3317,11804,1,125,32,4,3,9,9689,0,0,27,6803,153,0,4085,84,29,7244,44115,43472,0,0,0,0,0,0,0,0,0,0,Locky
3262,6,41,62,10,3318,11805,1,126,33,4,3,9,9689,0,0,27,6808,153,0,4086,84,29,7248,44121,43479,0,0,0,0,0,0,0,0,0,0,Locky
3270,6,43,62,10,3339,11840,1,127,34,4,3,9,9689,0,0,27,7057,167,0,4276,89,58,7404,44135,43504,0,2,0,0,6,0,0,0,0,0,Locky
3270,6,45,62,10,3341,11841,1,129,36,5,4,10,9689,0,0,30,7060,167,0,4277,89,58,7407,44151,43533,0,2,0,0,6,0,0,0,0,0,Locky
3270,6,45,62,10,3342,11842,1,130,37,5,4,10,9689,0,0,30,7065,167,0,4278,89,58,7411,44157,43540,0,2,0,0,6,0,0,0,0,0,Locky
3270,6,45,62,12,3343,11843,1,131,38,5,4,12,9689,0,0,36,7118,175,0,4317,91,58,7461,44184,43562,0,2,0,0,6,0,0,0,0,0,Locky
3270,6,45,62,12,3344,11844,1,132,39,5,4,12,9689,0,0,36,7123,175,0,4318,91,58,7465,44190,43569,0,2,0,0,6,0,0,0,0,0,Locky
3560,6,337,63,13,3354,12135,1,133,43,5,4,15,9693,68,2,43,8071,311,0,5242,95,58,8785,44217,43606,3,2,6886,0,6,0,0,0,0,0,Locky
5936,595,391,118,25,6341,16583,2,151,51,5,4,19,9839,68,2,52,10115,447,0,7212,175,87,11162,45064,43786,3,2,6886,0,6,0,0,0,0,0,Locky
5936,595,391,118,25,6342,16584,2,152,52,5,4,19,9839,68,2,52,10120,447,0,7213,175,87,11166,45070,43793,3,2,6886,0,6,0,0,0,0,0,Locky
5936,595,391,118,25,6343,16585,2,153,53,5,4,19,9839,68,2,52,10125,447,0,7214,175,87,11170,45076,43800,3,2,6886,0,6,0,0,0,0,0,Locky
5944,595,393,118,25,6367,16612,2,154,54,5,4,19,9839,68,2,52,10371,459,0,7385,179,119,11321,45090,43825,3,3,6886,0,10,0,0,0,0,0,Locky
5944,595,393,118,25,6368,16613,2,155,55,5,4,19,9839,68,2,52,10376,459,0,7386,179,119,11325,45096,43832,3,3,6886,0,10,0,0,0,0,0,Locky
5944,595,393,118,25,6369,16614,2,156,56,5,4,19,9839,68,2,52,10381,459,0,7387,179,119,11330,45102,43839,3,3,6886,0,10,0,0,0,0,0,Locky
6570,1301,449,171,35,7703,17579,3,175,65,6,5,24,9998,68,2,64,12498,597,0,9394,260,145,13789,45985,44052,3,3,6886,0,10,0,0,0,0,0,Locky
6570,1301,450,171,35,7705,17580,3,177,66,6,5,24,9998,68,2,64,12499,597,0,9394,260,145,13790,45987,44054,3,3,6886,0,10,0,0,0,0,0,Locky
6573,1301,475,171,39,7705,17582,4,182,67,6,5,25,10003,68,2,65,12648,597,0,9435,260,145,13832,46025,44078,3,3,6886,0,10,0,0,0,0,0,Locky
6573,1301,475,171,39,7706,17583,4,183,68,6,5,25,10003,68,2,65,12653,597,0,9436,260,145,13836,46031,44085,3,3,6886,0,10,0,0,0,0,0,Locky
6581,1301,477,171,39,7727,17618,4,184,69,6,5,25,10003,68,2,65,12885,611,0,9627,265,159,13988,46045,44110,3,5,6886,0,16,0,0,0,0,0,Locky
6589,1301,479,171,39,7748,17641,4,185,70,6,5,25,10003,68,2,65,13102,623,0,9787,269,191,14122,46067,44155,3,5,6886,0,19,0,0,0,0,0,Locky
6589,1301,479,171,39,7749,17642,4,186,71,6,5,25,10003,68,2,65,13107,623,0,9788,269,191,14126,46073,44162,3,5,6886,0,19,0,0,0,0,0,Locky
6589,1301,479,171,39,7750,17643,4,187,72,6,5,25,10003,68,2,65,13112,623,0,9789,269,191,14129,46073,44162,3,5,6886,0,19,0,0,0,0,0,Locky
6589,1301,479,171,39,7751,17644,4,188,73,6,5,25,10003,68,2,65,13117,623,0,9790,269,191,14133,46079,44169,3,5,6886,0,19,0,0,0,0,0,Locky
6589,1301,479,171,39,7752,17645,4,189,74,6,5,25,10003,68,2,65,13122,623,0,9791,269,191,14138,46085,44176,3,5,6886,0,19,0,0,0,0,0,Locky
6589,1301,479,171,39,7753,17646,4,190,75,6,5,25,10003,68,2,65,13171,631,0,9829,271,191,14185,46091,44189,3,5,6886,0,19,0,0,0,0,0,Locky
6589,1301,479,171,39,7754,17647,4,191,76,6,5,25,10003,68,2,65,13176,631,0,9830,271,191,14189,46097,44196,3,5,6886,0,19,0,0,0,0,0,Locky
6589,1301,479,171,39,7755,17648,4,192,77,6,5,25,10003,68,2,65,13181,631,0,9831,271,191,14192,46103,44203,3,5,6886,0,19,0,0,0,0,0,Locky
6589,1301,479,171,39,7756,17649,4,193,78,6,5,25,10003,68,2,65,13186,631,0,9832,271,191,14197,46109,44210,3,5,6886,0,19,0,0,0,0,0,Locky
6589,1301,479,171,39,7757,17650,4,194,79,6,5,25,10003,68,2,65,13191,631,0,9833,271,191,14200,46109,44210,3,5,6886,0,19,0,0,0,0,0,Locky
6589,1301,479,171,39,7758,17651,4,195,80,6,5,25,10003,68,2,65,13196,631,0,9834,271,191,14205,46115,44217,3,5,6886,0,19,0,0,0,0,0,Locky
6589,1301,479,171,39,7759,17652,4,196,81,6,5,25,10003,68,2,65,13201,631,0,9835,271,191,14209,46121,44224,3,5,6886,0,19,0,0,0,0,0,Locky
6589,1301,479,171,39,7760,17653,4,197,82,6,5,25,10003,68,2,65,13206,631,0,9836,271,191,14213,46127,44231,3,5,6886,0,19,0,0,0,0,0,Locky
8962,1307,514,239,51,10171,22208,5,226,90,6,5,29,10176,68,2,74,15707,795,0,14746,354,217,17148,47082,44478,4,5,6886,0,20,0,3,0,0,0,Locky
8965,1310,514,251,51,10187,22209,5,228,90,6,5,29,10191,68,2,74,16095,795,0,17016,354,217,17701,48251,45261,4,5,6886,0,20,0,3,0,0,0,Locky
8965,1310,514,251,51,10188,22210,5,229,91,6,5,29,10191,68,2,74,16100,795,0,17017,354,217,17705,48257,45268,4,5,6886,0,20,0,3,0,0,0,Locky
8965,1310,514,251,51,10189,22211,5,230,92,6,5,29,10191,68,2,74,16105,795,0,17018,354,217,17709,48263,45275,4,5,6886,0,20,0,3,0,0,0,Locky
8965,1310,514,251,51,10190,22212,5,231,93,6,5,29,10191,68,2,74,16110,795,0,17019,354,217,17714,48269,45282,4,5,6886,0,20,0,3,0,0,0,Locky
8965,1310,514,251,53,10191,22213,5,232,94,6,5,31,10191,68,2,80,16119,795,0,17021,354,217,17722,48296,45298,4,5,6886,0,20,0,3,0,0,0,Locky
8965,1310,514,251,53,10192,22214,5,233,95,6,5,31,10191,68,2,80,16124,795,0,17022,354,217,17726,48302,45305,4,5,6886,0,20,0,3,0,0,0,Locky
8965,1310,515,251,53,10194,22215,5,235,96,6,5,31,10191,68,2,80,16128,795,0,17023,354,217,17729,48304,45307,4,5,6886,0,20,0,3,0,0,0,Locky
8965,1310,515,251,53,10194,22284,5,235,114,6,5,33,10191,68,2,80,16128,795,0,17023,354,217,17729,48304,45307,4,5,6886,0,20,0,3,0,0,0,Locky
8965,1310,515,251,53,10195,22285,5,236,115,6,5,33,10191,68,2,80,16133,795,0,17024,354,217,17733,48310,45314,4,5,6886,0,20,0,3,0,0,0,Locky
8965,1310,515,251,53,10196,22286,5,237,116,6,5,33,10191,68,2,80,16138,795,0,17025,354,217,17737,48316,45321,4,5,6886,0,20,0,3,0,0,0,Locky
8965,1310,515,251,53,10197,22287,5,238,117,6,5,33,10191,68,2,80,16143,795,0,17026,354,217,17741,48322,45328,4,5,6886,0,20,0,3,0,0,0,Locky
8965,1310,515,251,53,10198,22288,5,239,118,6,5,33,10191,68,2,80,16148,795,0,17027,354,217,17745,48328,45335,4,5,6886,0,20,0,3,0,0,0,Locky
8965,1310,515,251,53,10199,22289,5,240,119,6,5,33,10191,68,2,80,16153,795,0,17028,354,217,17750,48334,45342,4,5,6886,0,20,0,3,0,0,0,Locky
8965,1310,515,251,53,10200,22290,5,241,120,6,5,33,10191,68,2,80,16155,795,0,17028,354,217,17752,48348,45369,4,5,6886,0,20,0,3,0,0,0,Locky
8973,1310,517,251,53,10221,22325,5,242,121,6,5,33,10191,68,2,80,16387,809,0,17218,359,231,17903,48362,45394,4,7,6886,0,26,0,3,0,0,0,Locky
8973,1310,517,251,53,10222,22326,5,243,122,6,5,33,10191,68,2,80,16392,809,0,17219,359,231,17908,48368,45401,4,7,6886,0,26,0,3,0,0,0,Locky
8981,1310,519,251,53,10246,22365,5,245,123,6,5,33,10191,64079,1965,80,16692,823,0,17429,364,263,24957,50343,49350,4,12,6886,0,33,0,3,0,0,981,Locky
11359,1747,573,306,65,13081,26813,6,262,131,6,5,37,10348,64079,1965,89,18975,960,0,19480,445,288,27582,51235,49556,4,12,6886,0,33,0,3,0,0,981,Locky
11359,1747,573,306,65,13082,26814,6,263,132,6,5,37,10348,64079,1965,89,18977,960,0,19480,445,288,27584,51249,49583,4,12,6886,0,33,0,3,0,0,981,Locky
11359,1747,573,306,65,13083,26815,6,264,133,6,5,37,10348,64079,1965,89,18982,960,0,19481,445,288,27588,51255,49590,4,12,6886,0,33,0,3,0,0,981,Locky
11359,1747,573,306,68,13084,26816,6,265,134,6,5,37,10348,64079,1965,89,18990,960,0,19485,445,288,27596,51269,49617,4,12,6886,0,33,0,3,0,0,981,Locky
11359,1747,573,306,68,13085,26817,6,266,135,6,5,37,10348,64079,1965,89,18995,960,0,19486,445,288,27600,51275,49624,4,12,6886,0,33,0,3,0,0,981,Locky
11359,1747,573,306,68,13086,26818,6,267,136,6,5,37,10348,64079,1965,89,19000,960,0,19487,445,288,27605,51281,49631,4,12,6886,0,33,0,3,0,0,981,Locky
11359,1747,573,306,68,13087,26819,6,268,137,6,5,37,10348,64079,1965,89,19005,960,0,19488,445,288,27609,51287,49638,4,12,6886,0,33,0,3,0,0,981,Locky
11359,1747,573,306,68,13088,26820,6,269,138,6,5,37,10348,64079,1965,89,19010,960,0,19489,445,288,27613,51293,49645,4,12,6886,0,33,0,3,0,0,981,Locky
11359,1747,573,306,68,13089,26821,6,270,139,6,5,37,10348,64079,1965,89,19012,960,0,19489,445,288,27615,51307,49672,4,12,6886,0,33,0,3,0,0,981,Locky
11359,1747,573,306,68,13090,26822,6,271,140,6,5,37,10348,64079,1965,89,19019,960,0,19490,445,288,27619,51313,49679,4,12,6886,0,33,0,3,0,0,981,Locky
11359,1747,575,306,70,13094,26827,8,276,144,6,5,48,10348,64079,1965,119,19892,976,0,19797,447,624,28053,51551,50061,4,12,6886,0,33,0,3,0,0,981,Locky
11359,1747,575,306,70,13095,26828,8,277,145,6,5,48,10348,64079,1965,119,19897,976,0,19798,447,624,28057,51557,50068,4,12,6886,0,33,0,3,0,0,981,Locky
11359,1747,575,306,70,13096,26829,8,278,146,6,5,48,10348,64079,1965,119,19902,976,0,19799,447,624,28061,51563,50075,4,12,6886,0,33,0,3,0,0,981,Locky
11359,1747,575,306,70,13097,26830,8,279,147,6,5,48,10348,64079,1965,119,19907,976,0,19800,447,624,28065,51569,50082,4,12,6886,0,33,0,3,0,0,981,Locky
11359,1747,575,306,70,13098,26831,8,280,148,6,5,48,10348,64079,1965,119,19912,976,0,19801,447,624,28070,51575,50089,4,12,6886,0,33,0,3,0,0,981,Locky
11359,1747,575,306,70,13099,26832,8,281,149,6,5,48,10348,64079,1965,119,19917,976,0,19802,447,624,28074,51581,50096,4,12,6886,0,33,0,3,0,0,981,Locky
11359,1747,577,306,70,13101,26833,8,284,151,7,6,49,10348,64079,1965,122,19919,976,0,19802,447,624,28076,51606,50146,4,12,6886,0,33,0,3,0,0,981,Locky
11981,2482,633,363,80,14469,27792,9,303,160,10,7,56,10505,64079,1965,138,22087,1115,0,22010,528,650,30621,52623,50401,4,12,6886,0,33,0,3,0,0,981,Locky
11981,2482,633,363,80,14470,27793,9,304,161,10,7,56,10505,64079,1965,138,22092,1115,0,22011,528,650,30625,52629,50408,4,12,6886,0,33,0,3,0,0,981,Locky
14355,3046,686,415,92,17426,32236,10,321,169,10,7,60,10662,64079,1965,147,24193,1252,0,24023,609,676,33041,53487,50590,4,12,6886,0,33,0,3,0,0,981,Locky
16583,3047,695,437,94,19683,36651,10,332,174,10,7,64,10690,64079,1965,150,24889,1300,0,24689,654,679,34134,53498,50649,4,12,6886,0,33,0,3,0,0,981,Locky
16584,3047,695,437,94,19685,36651,10,332,174,10,7,65,10690,64079,1965,156,24889,1300,0,24689,654,679,34135,53501,50652,4,12,6886,0,33,0,3,0,0,981,Locky
16584,3047,696,437,94,19687,36652,10,334,175,10,7,65,10690,64079,1965,156,24890,1300,0,24689,654,679,34137,53503,50654,4,12,6886,0,33,0,3,0,0,981,Locky
16592,3047,698,437,94,19708,36687,10,335,176,10,7,65,10690,64079,1965,156,25122,1314,0,24879,659,693,34288,53517,50679,4,14,6886,0,39,0,3,0,0,981,Locky
16592,3047,698,437,94,19709,36688,10,336,177,10,7,65,10690,64079,1965,156,25127,1314,0,24880,659,693,34293,53523,50686,4,14,6886,0,39,0,3,0,0,981,Locky
16592,3047,698,437,94,19710,36689,10,337,178,10,7,65,10690,64079,1965,156,25132,1314,0,24881,659,693,34297,53529,50693,4,14,6886,0,39,0,3,0,0,981,Locky
16592,3047,698,437,94,19711,36690,10,338,179,10,7,65,10690,64079,1965,156,25137,1314,0,24882,659,693,34301,53535,50700,4,14,6886,0,39,0,3,0,0,981,Locky
16593,3047,698,437,94,19713,36690,10,338,179,10,7,66,10690,64079,1965,162,25137,1314,0,24882,659,693,34301,53542,50704,4,14,6886,0,39,0,3,0,0,981,Locky
16593,3047,698,437,94,19714,36691,10,339,180,10,7,66,10690,64079,1965,162,25142,1314,0,24883,659,693,34305,53548,50711,4,14,6886,0,39,0,3,0,0,981,Locky
16593,3047,700,437,94,19716,36692,10,342,182,11,8,67,10690,64079,1965,165,25144,1314,0,24883,659,693,34307,53563,50739,4,14,6886,0,39,0,3,0,0,981,Locky
16593,3047,700,437,94,19717,36693,10,343,183,11,8,67,10690,64079,1965,165,25149,1314,0,24884,659,693,34312,53569,50746,4,14,6886,0,39,0,3,0,0,981,Locky
16593,3047,700,437,94,19718,36694,10,344,184,11,8,67,10690,64079,1965,165,25154,1314,0,24885,659,693,34317,53575,50753,4,14,6886,0,39,0,3,0,0,981,Locky
18959,3611,754,490,104,22668,41129,11,361,192,11,8,71,10835,64079,1965,174,27401,1450,0,26956,739,722,36892,54449,50940,4,14,6886,0,39,0,3,0,0,981,Locky
18959,3611,754,490,104,22669,41130,11,362,193,11,8,71,10835,64079,1965,174,27406,1450,0,26957,739,722,36896,54455,50947,4,14,6886,0,39,0,3,0,0,981,Locky
18959,3611,754,490,104,22670,41131,11,363,194,11,8,71,10835,64079,1965,174,27411,1450,0,26958,739,722,36900,54461,50954,4,14,6886,0,39,0,3,0,0,981,Locky
18959,3611,754,490,104,22671,41132,11,364,195,11,8,71,10835,64079,1965,174,27418,1450,0,26959,739,722,36904,54467,50961,4,14,6886,0,39,0,3,0,0,981,Locky
18959,3611,754,490,104,22672,41133,11,365,196,11,8,71,10835,64079,1965,174,27423,1450,0,26960,739,722,36908,54473,50968,4,14,6886,0,39,0,3,0,0,981,Locky
18959,3611,754,490,104,22673,41134,11,366,197,11,8,71,10835,64079,1965,174,27428,1450,0,26961,739,722,36912,54479,50975,4,14,6886,0,39,0,3,0,0,981,Locky
18959,3611,754,490,104,22674,41135,11,367,198,11,8,71,10835,64079,1965,174,27433,1450,0,26962,739,722,36916,54485,50982,4,14,6886,0,39,0,3,0,0,981,Locky
18959,3611,754,490,104,22675,41136,11,368,199,11,8,71,10835,64079,1965,174,27438,1450,0,26963,739,722,36921,54491,50989,4,14,6886,0,39,0,3,0,0,981,Locky
18967,3611,756,490,104,22696,41171,11,369,200,11,8,71,10835,64079,1965,174,27687,1464,0,27153,744,751,37077,54505,51014,4,16,6886,0,45,0,3,0,0,981,Locky
18982,3612,758,502,107,23920,41195,11,370,201,12,9,73,10850,64079,1965,177,28132,1464,0,29792,744,751,37704,54531,51078,4,16,6886,0,45,0,3,0,0,981,Locky
18982,3612,758,502,107,23921,41196,11,371,202,12,9,73,10850,64079,1965,177,28137,1464,0,29793,744,751,37708,54537,51085,4,16,6886,0,45,0,3,0,0,981,Locky
18982,3612,758,502,107,23922,41197,11,372,203,12,9,73,10850,64079,1965,177,28139,1464,0,29793,744,751,37710,54551,51112,4,16,6886,0,45,0,3,0,0,981,Locky
18982,3612,758,502,107,23923,41198,11,373,204,12,9,73,10850,64079,1965,177,28144,1464,0,29794,744,751,37714,54557,51119,4,16,6886,0,45,0,3,0,0,981,Locky
18982,3612,758,502,107,23924,41199,11,374,205,12,9,73,10850,64079,1965,177,28149,1464,0,29795,744,751,37718,54563,51126,4,16,6886,0,45,0,3,0,0,981,Locky
18983,3612,758,502,107,23926,41199,11,374,205,12,9,74,10850,64079,1965,183,28149,1464,0,29795,744,751,37719,54568,51131,4,16,6886,0,45,0,3,0,0,981,Locky
18983,3612,759,502,107,23928,41200,11,376,206,12,9,74,10850,64079,1965,183,28153,1464,0,29796,744,751,37722,54578,51153,4,16,6886,0,45,0,3,0,0,981,Locky
21354,4268,812,555,119,26971,45636,12,393,214,12,9,78,11010,64079,1965,192,30264,1602,0,31822,825,777,40155,55469,51336,4,16,6886,0,45,0,3,0,0,981,Locky
21355,4268,812,555,119,26973,45636,12,393,214,12,9,79,11010,64079,1965,198,30264,1602,0,31822,825,777,40155,55476,51340,4,16,6886,0,45,0,3,0,0,981,Locky
21355,4268,813,555,119,26975,45637,12,395,215,12,9,79,11010,64079,1965,198,30312,1610,0,31860,827,777,40200,55478,51348,4,16,6886,0,45,0,3,0,0,981,Locky
23585,4269,822,579,121,29238,50057,12,407,220,12,9,83,11038,64079,1965,201,31030,1658,0,32534,872,780,41309,55491,51410,4,16,6886,0,45,0,3,0,0,981,Locky
23585,4269,822,579,121,29239,50058,12,408,221,13,10,84,11038,64079,1965,204,31033,1658,0,32534,872,780,41311,55506,51438,4,16,6886,0,45,0,3,0,0,981,Locky
23585,4269,822,579,121,29240,50059,12,409,222,13,10,84,11038,64079,1965,204,31038,1658,0,32535,872,780,41315,55512,51445,4,16,6886,0,45,0,3,0,0,981,Locky
23585,4269,822,579,121,29241,50060,12,410,223,13,10,84,11038,64079,1965,204,31043,1658,0,32536,872,780,41319,55518,51452,4,16,6886,0,45,0,3,0,0,981,Locky
23585,4269,822,579,121,29242,50061,12,411,224,13,10,84,11038,64079,1965,204,31048,1658,0,32537,872,780,41323,55524,51459,4,16,6886,0,45,0,3,0,0,981,Locky
25974,5062,916,636,133,32429,54499,13,569,232,13,10,88,26438,64079,1965,213,34259,1796,0,35706,953,806,44953,56331,51655,4,16,6886,0,45,0,3,0,0,981,Locky
25982,5062,918,636,133,32450,54534,13,570,233,13,10,88,26438,64079,1965,213,34508,1810,0,35896,958,835,45109,56345,51680,4,18,6886,0,51,0,3,0,0,981,Locky
25982,5062,918,636,133,32451,54535,13,571,234,13,10,88,26438,64079,1965,213,34513,1810,0,35897,958,835,45114,56351,51687,4,18,6886,0,51,0,3,0,0,981,Locky
28363,5564,974,688,145,35363,59001,14,587,242,13,10,92,26585,64079,1965,222,36746,1950,0,38008,1038,874,47611,57208,51880,4,18,6886,0,55,0,3,0,0,981,Locky
28363,5564,974,688,145,35364,59002,14,588,243,13,10,92,26585,64079,1965,222,36751,1950,0,38009,1038,874,47615,57214,51887,4,18,6886,0,55,0,3,0,0,981,Locky
28363,5564,974,688,145,35365,59003,14,589,244,13,10,92,26585,64079,1965,222,36758,1950,0,38010,1038,874,47619,57220,51894,4,18,6886,0,55,0,3,0,0,981,Locky
28363,5564,974,688,145,35366,59004,14,590,245,13,10,92,26585,64079,1965,222,36763,1950,0,38011,1038,874,47622,57220,51894,4,18,6886,0,55,0,3,0,0,981,Locky
28363,5564,974,688,145,35367,59005,14,592,246,13,10,92,26585,64079,1965,222,36767,1950,0,38012,1038,874,47625,57222,51896,4,18,6886,0,55,0,3,0,0,981,Locky
28363,5564,974,688,145,35368,59006,15,596,247,13,10,92,26585,64079,1965,222,36780,1950,0,38046,1038,874,47638,57233,51911,6,18,6886,0,56,1,3,0,1,981,Locky
28363,5564,974,688,145,35369,59007,15,597,248,13,10,92,26585,64079,1965,222,36787,1950,0,38047,1038,874,47642,57239,51918,6,18,6886,0,56,1,3,0,1,981,Locky
28363,5564,976,688,145,35371,59008,15,600,250,14,11,93,26585,64079,1965,225,36794,1950,0,38053,1038,874,47649,57255,51947,6,18,6886,0,56,1,3,0,1,981,Locky
28363,5564,976,688,145,35372,59009,15,601,251,14,11,93,26585,64079,1965,225,36799,1950,0,38054,1038,874,47653,57261,51954,6,18,6886,0,56,1,3,0,1,981,Locky
28363,5564,976,688,145,35373,59010,15,602,252,14,11,93,26585,64079,1965,225,36804,1950,0,38055,1038,874,47657,57267,51961,6,18,6886,0,56,1,3,0,1,981,Locky
28363,5564,976,688,145,35373,59010,15,602,253,15,12,94,26585,64079,1965,228,36804,1950,0,38055,1038,874,47657,57280,51986,6,18,6886,0,56,1,3,0,1,981,Locky
28363,5564,978,688,157,35378,59014,16,605,256,15,12,105,26585,64079,1965,261,37329,1967,0,38277,1041,1042,47916,57437,52240,12,18,6886,6,62,1,3,29,16,981,Locky
28364,5564,978,688,157,35380,59014,16,605,256,15,12,106,26585,64079,1965,267,37329,1967,0,38277,1041,1042,47917,57442,52245,12,18,6886,6,62,1,3,29,16,981,Locky
28364,5564,978,688,157,35380,59014,16,605,256,16,13,107,26585,64079,1965,268,37330,1967,0,38277,1041,1042,47917,57442,52245,12,18,6886,6,62,1,3,29,16,981,Locky
28364,5564,979,688,157,35382,59015,16,607,257,16,13,107,26585,64079,1965,268,37375,1975,0,38314,1043,1042,47960,57444,52253,12,18,6886,6,62,1,3,29,16,981,Locky
30591,5565,988,710,159,37640,63431,16,619,262,16,13,111,26613,64079,1965,271,38083,2023,0,38983,1088,1045,49058,57467,52337,12,18,6886,6,62,1,3,29,16,981,Locky
30591,5565,988,710,159,37641,63432,16,620,263,16,13,111,26613,64079,1965,271,38088,2023,0,38984,1088,1045,49063,57473,52344,12,18,6886,6,62,1,3,29,16,981,Locky
30591,5565,988,710,159,37642,63433,16,621,264,16,13,111,26613,64079,1965,271,38093,2023,0,38985,1088,1045,49067,57479,52351,12,18,6886,6,62,1,3,29,16,981,Locky
30591,5565,988,710,159,37643,63434,16,622,265,16,13,111,26613,64079,1965,271,38098,2023,0,38986,1088,1045,49071,57485,52358,12,18,6886,6,62,1,3,29,16,981,Locky
30599,5565,990,710,159,37667,63473,16,623,266,16,13,111,26613,64079,1965,271,38402,2037,0,39209,1093,1077,49259,57499,52383,12,23,6886,6,69,1,3,29,16,981,Locky
30599,5565,990,710,159,37668,63474,16,624,267,16,13,111,26613,64079,1965,271,38451,2045,0,39247,1095,1077,49306,57505,52396,12,23,6886,6,69,1,3,29,16,981,Locky
30599,5565,990,710,159,37669,63475,16,625,268,16,13,111,26613,64079,1965,271,38456,2045,0,39248,1095,1077,49309,57505,52396,12,23,6886,6,69,1,3,29,16,981,Locky
30599,5565,990,710,159,37670,63476,16,626,269,16,13,111,26613,64079,1965,271,38461,2045,0,39249,1095,1077,49313,57511,52403,12,23,6886,6,69,1,3,29,16,981,Locky
32971,6300,1043,765,171,40796,67915,17,644,277,16,13,115,26770,64079,1965,280,40748,2182,0,41302,1176,1103,51926,58399,52591,12,23,6886,6,69,1,3,29,16,981,Locky
32971,6300,1045,765,171,40798,67916,17,647,279,17,14,116,26770,64079,1965,283,40751,2182,0,41303,1176,1103,51929,58415,52620,12,23,6886,6,69,1,3,29,16,981,Locky
35339,7122,1098,822,183,44009,72350,18,663,287,17,14,120,26927,64079,1965,292,42813,2319,0,43286,1257,1129,54316,59288,52813,12,23,6886,6,69,1,3,29,16,981,Locky
35339,7122,1098,822,183,44010,72351,18,664,288,17,14,120,26927,64079,1965,292,42818,2319,0,43287,1257,1129,54320,59294,52820,12,23,6886,6,69,1,3,29,16,981,Locky
35339,7122,1098,822,183,44011,72352,18,665,289,17,14,120,26927,64079,1965,292,42823,2319,0,43288,1257,1129,54324,59300,52827,12,23,6886,6,69,1,3,29,16,981,Locky
35339,7122,1098,822,183,44012,72353,18,666,290,17,14,120,26927,64079,1965,292,42828,2319,0,43289,1257,1129,54329,59306,52834,12,23,6886,6,69,1,3,29,16,981,Locky
35339,7122,1098,822,183,44013,72354,18,667,291,17,14,120,26927,64079,1965,292,42833,2319,0,43290,1257,1129,54333,59312,52841,12,23,6886,6,69,1,3,29,16,981,Locky
35339,7122,1098,822,183,44014,72355,18,668,292,17,14,120,26927,64079,1965,292,42838,2319,0,43291,1257,1129,54337,59318,52848,12,23,6886,6,69,1,3,29,16,981,Locky
35339,7122,1098,822,183,44015,72356,18,669,293,19,15,121,26927,64079,1965,295,42840,2319,0,43291,1257,1129,54339,59332,52875,12,23,6886,6,69,1,3,29,16,981,Locky
37725,7408,1127,870,194,46679,76789,19,842,301,19,15,125,43839,64079,1965,304,45263,2454,0,45670,1335,1151,57153,59410,53065,12,23,6886,6,69,1,3,29,16,981,Locky
37725,7408,1127,870,194,46680,76790,19,843,302,19,15,125,43839,64079,1965,304,45268,2454,0,45671,1335,1151,57158,59416,53072,12,23,6886,6,69,1,3,29,16,981,Locky
37725,7408,1127,870,194,46681,76791,19,844,303,19,15,125,43839,64079,1965,304,45273,2454,0,45672,1335,1151,57162,59422,53079,12,23,6886,6,69,1,3,29,16,981,Locky
40007,7409,1213,908,194,60574,81274,19,863,311,20,15,133,44070,64079,1965,328,45909,2494,1,48208,1339,1151,57998,66292,54114,12,23,6886,6,69,1,3,29,16,981,Locky
40007,7409,1213,908,194,60575,81275,19,864,312,20,15,133,44070,64079,1965,328,45914,2494,1,48209,1339,1151,58002,66298,54121,12,23,6886,6,69,1,3,29,16,981,Locky
40007,7409,1213,908,194,60576,81276,19,865,313,20,15,133,44070,64079,1965,328,45919,2494,1,48210,1339,1151,58006,66304,54128,12,23,6886,6,69,1,3,29,16,981,Locky
40007,7409,1213,908,194,60577,81277,19,866,314,20,15,133,44070,64079,1965,328,45924,2494,1,48211,1339,1151,58010,66310,54135,12,23,6886,6,69,1,3,29,16,981,Locky
40007,7409,1213,908,194,60578,81278,19,867,315,20,15,133,44070,64079,1965,328,45929,2494,1,48212,1339,1151,58015,66316,54142,12,23,6886,6,69,1,3,29,16,981,Locky
40007,7409,1215,908,194,60580,81279,19,870,317,21,16,134,44070,64079,1965,331,45932,2494,1,48213,1339,1151,58018,66332,54171,12,23,6886,6,69,1,3,29,16,981,Locky
40007,7409,1215,908,194,60581,81280,19,871,318,21,16,134,44070,64079,1965,331,45937,2494,1,48214,1339,1151,58022,66338,54178,12,23,6886,6,69,1,3,29,16,981,Locky
42394,7454,1251,971,206,63022,85716,20,1028,326,21,16,138,59925,64079,1965,340,48080,2631,2,50415,1420,1177,60514,66559,54365,12,23,6886,6,69,1,3,29,16,981,Locky
42394,7454,1251,971,206,63023,85717,20,1029,327,21,16,138,59925,64079,1965,340,48085,2631,2,50416,1420,1177,60518,66565,54372,12,23,6886,6,69,1,3,29,16,981,Locky
42394,7454,1251,971,206,63024,85718,20,1030,328,21,16,138,59925,64079,1965,340,48090,2631,2,50417,1420,1177,60522,66571,54379,12,23,6886,6,69,1,3,29,16,981,Locky
42394,7454,1251,971,206,63343,85720,20,1033,328,21,16,139,59925,64079,1965,341,48092,2631,2,50417,1420,1177,60524,66585,54406,12,23,6886,6,69,1,3,29,16,981,Locky
42394,7454,1251,971,206,63344,85721,20,1034,329,21,16,139,59925,64079,1965,341,48097,2631,2,50418,1420,1177,60529,66591,54413,12,23,6886,6,69,1,3,29,16,981,Locky
42394,7454,1251,971,206,63345,85722,20,1035,330,21,16,139,59925,64079,1965,341,48102,2631,2,50419,1420,1177,60533,66597,54420,12,23,6886,6,69,1,3,29,16,981,Locky
42394,7454,1252,971,206,63347,85723,20,1037,331,21,16,139,59925,64079,1965,341,48147,2639,2,50456,1422,1177,60576,66599,54428,12,23,6886,6,69,1,3,29,16,981,Locky
42394,7454,1252,971,206,63348,85724,20,1038,332,21,16,139,59925,64079,1965,341,48152,2639,2,50457,1422,1177,60580,66609,54450,12,23,6886,6,69,1,3,29,16,981,Locky
42394,7454,1252,971,206,63349,85725,20,1039,333,21,16,139,59925,64079,1965,341,48157,2639,2,50458,1422,1177,60584,66615,54457,12,23,6886,6,69,1,3,29,16,981,Locky
42394,7454,1252,971,206,63350,85726,20,1040,334,21,16,139,59925,64079,1965,341,48162,2639,2,50459,1422,1177,60588,66621,54464,12,23,6886,6,69,1,3,29,16,981,Locky
44771,8083,1308,1024,218,66387,90180,21,1056,342,21,16,143,60070,64079,1965,350,50464,2781,2,52752,1503,1238,63155,67584,54700,12,24,6886,6,72,1,3,29,16,981,Locky
44771,8083,1308,1024,218,66388,90181,21,1057,343,21,16,143,60070,64079,1965,350,50507,2786,2,52784,1505,1238,63194,67590,54713,12,24,6886,6,72,1,3,29,16,981,Locky
45397,8810,1364,1080,230,67748,91148,22,1077,352,22,17,148,60227,64079,1965,362,52638,2923,2,54823,1586,1264,65681,68468,54928,12,24,6886,6,72,1,3,29,16,981,Locky
45405,8810,1366,1080,230,67772,91175,22,1078,353,23,18,149,60227,64079,1965,365,52881,2935,2,54993,1590,1296,65829,68491,54974,12,25,6886,6,76,1,3,29,16,981,Locky
45405,8810,1366,1080,230,67773,91176,22,1079,354,23,18,149,60227,64079,1965,365,52886,2935,2,54994,1590,1296,65833,68497,54981,12,25,6886,6,76,1,3,29,16,981,Locky
45406,8810,1366,1080,230,67775,91176,22,1079,354,23,18,150,60227,64079,1965,371,52887,2935,2,54994,1590,1296,65836,68506,54988,12,25,6886,6,76,1,3,29,16,981,Locky
45406,8810,1366,1080,230,67776,91177,22,1080,355,23,18,150,60227,64079,1965,371,52894,2935,2,54995,1590,1296,65840,68512,54995,12,25,6886,6,76,1,3,29,16,981,Locky
45406,8810,1366,1080,230,67777,91178,22,1081,356,23,18,150,60227,64079,1965,371,52899,2935,2,54996,1590,1296,65844,68518,55002,12,25,6886,6,76,1,3,29,16,981,Locky
45406,8810,1366,1080,230,67778,91179,22,1082,357,23,18,150,60227,64079,1965,371,52904,2935,2,54997,1590,1296,65848,68524,55009,12,25,6886,6,76,1,3,29,16,981,Locky
45407,8810,1366,1080,230,67780,91179,22,1082,357,23,18,151,60227,64079,1965,377,52904,2935,2,54997,1590,1296,65848,68531,55013,12,25,6886,6,76,1,3,29,16,981,Locky
45415,8810,1368,1080,230,67801,91214,22,1083,358,23,18,151,60227,64079,1965,377,53155,2949,2,55176,1595,1325,66002,68545,55038,12,27,6886,6,82,1,3,29,16,981,Locky
45415,8810,1368,1080,230,67802,91215,22,1084,359,23,18,151,60227,64079,1965,377,53160,2949,2,55177,1595,1325,66006,68551,55045,12,27,6886,6,82,1,3,29,16,981,Locky
47783,9424,1421,1137,242,70806,95649,23,1101,367,23,18,155,60384,64079,1965,386,55424,3086,2,57232,1676,1351,68581,69407,55230,12,27,6886,6,82,1,3,29,16,981,Locky
47783,9424,1421,1137,242,70807,95650,23,1102,368,23,18,155,60384,64079,1965,386,55429,3086,2,57233,1676,1351,68586,69413,55237,12,27,6886,6,82,1,3,29,16,981,Locky
47783,9424,1421,1137,242,70808,95651,23,1103,369,23,18,155,60384,64079,1965,386,55434,3086,2,57234,1676,1351,68590,69419,55244,12,27,6886,6,82,1,3,29,16,981,Locky
47783,9424,1421,1137,242,70809,95652,23,1104,370,23,18,155,60384,64079,1965,386,55439,3086,2,57235,1676,1351,68595,69425,55251,12,27,6886,6,82,1,3,29,16,981,Locky
47783,9424,1421,1137,242,70810,95653,23,1105,371,23,18,155,60384,64079,1965,386,55444,3086,2,57236,1676,1351,68600,69431,55258,12,27,6886,6,82,1,3,29,16,981,Locky
47783,9424,1421,1137,242,70811,95654,23,1106,372,23,18,155,60384,64079,1965,386,55449,3086,2,57237,1676,1351,68604,69437,55265,12,27,6886,6,82,1,3,29,16,981,Locky
47783,9424,1421,1137,242,70812,95655,23,1107,373,23,18,155,60384,64079,1965,386,55454,3086,2,57238,1676,1351,68608,69443,55272,12,27,6886,6,82,1,3,29,16,981,Locky
47783,9424,1421,1137,242,70812,95791,23,1107,377,23,18,155,60384,64079,1965,386,55454,3086,2,57238,1676,1351,68608,69443,55272,12,27,6886,6,82,1,3,29,16,981,Locky
48404,10051,1477,1193,252,72065,96748,24,1125,384,23,18,159,60537,64079,1965,395,57580,3222,2,59272,1756,1380,71090,70312,55454,12,27,6886,6,82,1,3,29,16,981,Locky
50777,10730,1531,1250,264,75139,101194,25,1142,392,23,18,163,60684,64079,1965,404,59673,3359,2,61282,1836,1409,73501,71189,55636,12,27,6886,6,82,1,3,29,16,981,Locky
51399,11465,1588,1307,276,76503,102155,26,1161,401,24,19,168,60841,64079,1965,416,61778,3496,2,63286,1917,1434,75945,72046,55845,12,27,6886,6,82,1,3,29,16,981,Locky
51399,11465,1588,1307,276,76504,102156,26,1162,402,24,19,168,60841,64079,1965,416,61783,3496,2,63287,1917,1434,75949,72052,55852,12,27,6886,6,82,1,3,29,16,981,Locky
51399,11465,1588,1307,276,76505,102157,26,1163,403,24,19,168,60841,64079,1965,416,61788,3496,2,63288,1917,1434,75954,72058,55859,12,27,6886,6,82,1,3,29,16,981,Locky
51399,11465,1588,1307,276,76506,102158,26,1164,404,24,19,168,60841,64079,1965,416,61795,3496,2,63289,1917,1434,75958,72064,55866,12,27,6886,6,82,1,3,29,16,981,Locky
51399,11465,1588,1307,276,76507,102159,26,1165,405,24,19,168,60841,64079,1965,416,61800,3496,2,63290,1917,1434,75962,72070,55873,12,27,6886,6,82,1,3,29,16,981,Locky
51399,11465,1589,1307,276,76508,102160,26,1169,408,26,21,170,60841,94002,2859,425,61826,3499,2,63328,1920,1434,75979,72149,55910,12,28,6886,6,83,1,3,29,16,981,Locky
51401,11467,1589,1331,278,76535,102161,26,1172,408,26,21,172,60869,94002,2859,431,62652,3499,2,67742,1920,1434,77164,72184,56091,12,28,6886,6,83,1,3,29,16,981,Locky
51401,11467,1589,1331,278,76536,102162,26,1173,409,26,21,172,60869,94002,2859,431,62657,3499,2,67743,1920,1434,77168,72190,56098,12,28,6886,6,83,1,3,29,16,981,Locky
51401,11467,1589,1331,278,76537,102163,26,1174,410,26,21,172,60869,94002,2859,431,62662,3499,2,67744,1920,1434,77172,72196,56105,12,28,6886,6,83,1,3,29,16,981,Locky
51409,11467,1591,1331,278,76558,102198,26,1175,411,26,21,172,60869,94002,2859,431,62896,3513,2,67934,1925,1448,77323,72210,56130,12,30,6886,6,89,1,3,29,16,981,Locky
51409,11467,1591,1331,278,76559,102199,26,1176,412,26,21,172,60869,94002,2859,431,62901,3513,2,67935,1925,1448,77327,72216,56137,12,30,6886,6,89,1,3,29,16,981,Locky
52613,11467,1591,1331,278,77765,104624,26,1287,413,26,21,172,72833,94002,2859,431,62923,3514,2,67965,1925,1448,77352,72221,56145,12,30,6886,6,89,1,3,29,16,981,Locky
52613,11467,1591,1331,278,77766,104625,26,1288,414,26,21,172,72833,94002,2859,431,62928,3514,2,67966,1925,1448,77356,72227,56152,12,30,6886,6,89,1,3,29,16,981,Locky
52660,11467,1600,1343,281,77822,104626,26,1292,415,26,21,173,72849,94002,2859,434,63107,3521,2,68004,1932,1448,77528,75189,56253,14,30,6886,8,91,1,3,34,19,982,Locky
52660,11467,1600,1343,281,77823,104627,26,1293,416,26,21,173,72849,94002,2859,434,63112,3521,2,68005,1932,1448,77533,75195,56260,14,30,6886,8,91,1,3,34,19,982,Locky
52660,11467,1600,1343,281,77824,104628,26,1294,417,26,21,173,72849,94002,2859,434,63118,3521,2,68010,1932,1448,77539,75209,56287,14,30,6886,8,91,1,3,34,19,982,Locky
54887,11468,1609,1365,283,80081,109043,26,1307,422,26,21,177,72877,94002,2859,437,63825,3569,2,68678,1977,1451,78634,75232,56371,14,30,6886,8,91,1,3,34,19,982,Locky
54887,11468,1609,1365,283,80082,109044,26,1308,423,26,21,177,72877,94002,2859,437,63830,3569,2,68679,1977,1451,78638,75238,56378,14,30,6886,8,91,1,3,34,19,982,Locky
54887,11468,1609,1365,283,80083,109045,26,1309,424,26,21,177,72877,94002,2859,437,63835,3569,2,68680,1977,1451,78643,75244,56385,14,30,6886,8,91,1,3,34,19,982,Locky
54887,11468,1609,1365,285,80084,109046,26,1310,425,26,21,179,72877,94002,2859,443,63837,3569,2,68680,1977,1451,78644,75273,56414,14,30,6886,8,91,1,3,34,19,982,Locky
54887,11468,1609,1365,285,80085,109047,26,1311,426,26,21,179,72877,94002,2859,443,63839,3569,2,68680,1977,1451,78646,75287,56441,14,30,6886,8,91,1,3,34,19,982,Locky
54888,11468,1609,1365,285,80087,109047,26,1311,426,26,21,180,72877,94002,2859,449,63839,3569,2,68680,1977,1451,78646,75294,56445,14,30,6886,8,91,1,3,34,19,982,Locky
54888,11468,1609,1365,285,80088,109048,26,1312,427,26,21,180,72877,94002,2859,449,63846,3569,2,68681,1977,1451,78650,75300,56452,14,30,6886,8,91,1,3,34,19,982,Locky
54888,11468,1609,1365,285,80089,109049,26,1313,428,26,21,180,72877,94002,2859,449,63851,3569,2,68682,1977,1451,78655,75306,56459,14,30,6886,8,91,1,3,34,19,982,Locky
54888,11468,1609,1365,285,80090,109050,26,1314,429,28,22,181,72877,94002,2859,452,63855,3569,2,68682,1977,1451,78657,75321,56487,14,30,6886,8,91,1,3,34,19,982,Locky
54896,11468,1611,1365,285,80109,109068,26,1315,430,28,22,181,72877,94002,2859,452,64003,3574,2,68788,1979,1471,78750,75335,56512,14,30,6886,8,93,1,3,34,19,982,Locky
54896,11468,1611,1365,285,80110,109069,26,1316,431,28,22,181,72877,94002,2859,452,64052,3582,2,68826,1981,1471,78795,75341,56525,14,30,6886,8,93,1,3,34,19,982,Locky
54896,11468,1611,1365,285,80111,109070,26,1317,432,28,22,181,72877,94002,2859,452,64057,3582,2,68827,1981,1471,78799,75347,56532,14,30,6886,8,93,1,3,34,19,982,Locky
54896,11468,1611,1365,285,80112,109071,26,1318,433,28,22,181,72877,94002,2859,452,64062,3582,2,68828,1981,1471,78803,75353,56539,14,30,6886,8,93,1,3,34,19,982,Locky
57062,11468,1612,1367,285,82349,113449,26,1321,434,28,22,182,72877,94002,2859,452,64240,3583,2,69028,1981,1471,79083,75361,56550,14,30,6886,8,93,1,3,34,19,982,Locky
59292,11469,1621,1389,287,84609,117870,26,1333,439,28,22,186,72905,94002,2859,455,64955,3631,2,69708,2026,1474,80189,75384,56634,14,30,6886,8,93,1,3,34,19,982,Locky
61666,12085,1674,1442,299,87621,122312,27,1349,447,28,22,190,73064,94002,2859,464,67072,3771,2,71901,2107,1496,82679,76409,56881,14,30,6886,8,93,1,3,34,19,982,Locky
61674,12085,1678,1442,299,87646,122339,27,1351,449,29,23,191,73064,94002,2859,467,67315,3783,2,72071,2111,1528,82827,76434,56929,14,31,6886,8,97,1,3,34,19,982,Locky
61675,12085,1678,1442,299,87648,122339,27,1351,449,29,23,192,73064,94002,2859,473,67315,3783,2,72071,2111,1528,82827,76436,56931,14,31,6886,8,97,1,3,34,19,982,Locky
61675,12085,1678,1442,299,87649,122340,27,1352,450,29,23,192,73064,94002,2859,473,67320,3783,2,72072,2111,1528,82831,76442,56938,14,31,6886,8,97,1,3,34,19,982,Locky
61675,12085,1678,1442,299,87650,122341,27,1353,451,29,23,192,73064,94002,2859,473,67325,3783,2,72073,2111,1528,82835,76448,56945,14,31,6886,8,97,1,3,34,19,982,Locky
61675,12085,1678,1442,299,87651,122342,27,1354,452,29,23,192,73064,94002,2859,473,67333,3783,2,72077,2111,1528,82843,76462,56972,14,31,6886,8,97,1,3,34,19,982,Locky
61675,12085,1678,1442,299,87652,122343,27,1355,453,29,23,192,73064,94002,2859,473,67338,3783,2,72078,2111,1528,82847,76468,56979,14,31,6886,8,97,1,3,34,19,982,Locky
64067,12212,1710,1492,311,90168,126786,28,1525,461,29,23,196,89871,94002,2859,482,69571,3919,2,74121,2193,1550,85391,76619,57178,14,31,6886,8,97,1,3,34,19,982,Locky
64067,12212,1710,1492,311,90169,126787,28,1526,462,29,23,196,89871,94002,2859,482,69576,3919,2,74122,2193,1550,85396,76625,57185,14,31,6886,8,97,1,3,34,19,982,Locky
64067,12212,1712,1492,311,90171,126788,28,1528,464,30,24,197,89871,94002,2859,485,69579,3919,2,74123,2193,1550,85399,76641,57214,14,31,6886,8,97,1,3,34,19,982,Locky
64067,12212,1712,1492,311,90172,126789,28,1529,465,30,24,197,89871,94002,2859,485,69584,3919,2,74124,2193,1550,85404,76647,57221,14,31,6886,8,97,1,3,34,19,982,Locky
64067,12212,1712,1492,311,90173,126790,28,1530,466,30,24,197,89871,94002,2859,485,69589,3919,2,74125,2193,1550,85408,76653,57228,14,31,6886,8,97,1,3,34,19,982,Locky
64067,12212,1712,1492,311,90174,126791,28,1531,467,30,24,197,89871,94002,2859,485,69594,3919,2,74126,2193,1550,85413,76659,57235,14,31,6886,8,97,1,3,34,19,982,Locky
66455,12492,1741,1531,322,92829,131228,29,1713,475,30,24,201,107479,94002,2859,494,71755,4055,2,76206,2271,1572,87920,76722,57417,14,31,6886,8,97,1,3,34,19,982,Locky
68685,12493,1750,1553,324,95089,135648,29,1725,480,30,24,205,107507,94002,2859,497,72467,4103,2,76877,2316,1575,89020,76745,57501,14,31,6886,8,97,1,3,34,19,982,Locky
68685,12493,1750,1553,324,95090,135649,29,1726,481,30,24,205,107507,94002,2859,497,72472,4103,2,76878,2316,1575,89025,76751,57508,14,31,6886,8,97,1,3,34,19,982,Locky
68685,12493,1750,1553,324,95091,135650,29,1727,482,30,24,205,107507,94002,2859,497,72477,4103,2,76879,2316,1575,89029,76757,57515,14,31,6886,8,97,1,3,34,19,982,Locky
68686,12493,1750,1553,324,95093,135650,29,1727,482,30,24,206,107507,94002,2859,503,72477,4103,2,76879,2316,1575,89029,76764,57519,14,31,6886,8,97,1,3,34,19,982,Locky
68686,12493,1750,1553,324,95094,135651,29,1728,483,30,24,206,107507,94002,2859,503,72482,4103,2,76880,2316,1575,89033,76770,57526,14,31,6886,8,97,1,3,34,19,982,Locky
70922,12494,1759,1575,326,97361,140081,29,1739,488,30,24,210,107535,94002,2859,506,73182,4151,2,77546,2361,1578,90129,76793,57610,14,31,6886,8,97,1,3,34,19,982,Locky
73295,12500,1794,1645,338,99775,144636,30,1755,496,30,24,214,107707,94002,2859,515,75645,4287,2,81643,2442,1604,92989,77689,57822,14,31,6886,8,97,1,3,34,19,982,Locky
73295,12500,1794,1645,338,99775,144636,30,1755,496,32,24,215,107707,94002,2859,515,75645,4287,2,81643,2442,1604,92989,77689,57822,14,31,6886,8,97,1,3,34,19,982,Locky
73295,12500,1794,1645,338,99776,144637,30,1756,497,32,24,215,107707,94002,2859,515,75650,4287,2,81644,2442,1604,92993,77695,57829,14,31,6886,8,97,1,3,34,19,982,Locky
73295,12500,1796,1645,338,99778,144638,30,1759,499,33,25,216,107707,94002,2859,518,75652,4287,2,81644,2442,1604,92995,77710,57857,14,31,6886,8,97,1,3,34,19,982,Locky
73295,12500,1796,1645,338,99779,144639,30,1760,500,33,25,216,107707,94002,2859,518,75657,4287,2,81645,2442,1604,92999,77716,57864,14,31,6886,8,97,1,3,34,19,982,Locky
73295,12500,1796,1645,338,99780,144640,30,1761,501,33,25,216,107707,94002,2859,518,75662,4287,2,81646,2442,1604,93003,77722,57871,14,31,6886,8,97,1,3,34,19,982,Locky
73295,12500,1798,1645,338,99782,144641,30,1764,503,34,26,217,107707,94002,2859,521,75669,4287,2,81652,2442,1604,93010,77738,57900,14,31,6886,8,97,1,3,34,19,982,Locky
73295,12500,1798,1645,338,99783,144642,30,1765,504,34,26,217,107707,94002,2859,521,75674,4287,2,81653,2442,1604,93014,77744,57907,14,31,6886,8,97,1,3,34,19,982,Locky
73295,12500,1798,1645,338,99784,144643,30,1766,505,34,26,217,107707,94002,2859,521,75679,4287,2,81654,2442,1604,93018,77750,57914,14,31,6886,8,97,1,3,34,19,982,Locky
73295,12500,1798,1645,338,99785,144644,30,1767,506,34,26,217,107707,94002,2859,521,75684,4287,2,81655,2442,1604,93022,77756,57921,14,31,6886,8,97,1,3,34,19,982,Locky
73295,12500,1798,1645,338,99786,144645,30,1768,507,34,26,217,107707,94002,2859,521,75689,4287,2,81656,2442,1604,93026,77762,57928,14,31,6886,8,97,1,3,34,19,982,Locky
73295,12500,1798,1645,338,99787,144646,30,1769,508,34,26,217,107707,94002,2859,521,75694,4287,2,81657,2442,1604,93030,77768,57935,14,31,6886,8,97,1,3,34,19,982,Locky
73295,12500,1798,1645,338,99788,144647,30,1770,509,34,26,217,107707,94002,2859,521,75699,4287,2,81658,2442,1604,93035,77774,57942,14,31,6886,8,97,1,3,34,19,982,Locky
73295,12500,1800,1645,338,99789,144647,30,1772,510,35,27,218,107707,94002,2859,525,75699,4287,2,81658,2442,1604,93035,77775,57943,14,31,6886,8,97,1,3,34,19,982,Locky
73295,12500,1800,1645,338,99790,144648,30,1773,511,35,27,218,107707,94002,2859,525,75706,4287,2,81659,2442,1604,93039,77781,57950,14,31,6886,8,97,1,3,34,19,982,Locky
73295,12500,1801,1645,338,99792,144649,30,1775,512,35,27,218,107707,94002,2859,525,75751,4295,2,81696,2444,1604,93083,77783,57958,14,31,6886,8,97,1,3,34,19,982,Locky
75682,12609,1837,1706,348,102295,149084,31,1931,520,35,27,222,124308,94002,2859,534,78014,4432,2,83746,2525,1630,95650,78005,58142,14,31,6886,8,97,1,3,34,19,982,Locky
75682,12609,1837,1706,348,102296,149085,31,1932,521,35,27,222,124308,94002,2859,534,78019,4432,2,83747,2525,1630,95655,78011,58149,14,31,6886,8,97,1,3,34,19,982,Locky
75682,12609,1837,1706,348,102297,149086,31,1934,522,35,27,222,124308,94002,2859,534,78121,4432,2,83779,2525,1630,95663,78011,58151,14,31,6886,8,97,1,3,34,19,982,Locky
78053,12891,1891,1759,360,104972,153525,32,1953,530,35,27,226,124453,94002,2859,543,80265,4570,2,85963,2605,1655,98163,79009,58397,14,31,6886,8,97,1,3,34,19,982,Locky
78053,12891,1891,1759,360,104973,153526,32,1954,531,35,27,226,124453,94002,2859,543,80270,4570,2,85964,2605,1655,98168,79015,58404,14,31,6886,8,97,1,3,34,19,982,Locky
78053,12891,1891,1759,362,104974,153527,32,1955,531,35,27,228,124453,94002,2859,547,80280,4570,2,85966,2605,1655,98175,79045,58434,14,31,6886,8,97,1,3,34,19,982,Locky
78061,12891,1893,1759,362,104995,153562,32,1956,532,35,27,228,124453,94002,2859,547,80512,4584,2,86156,2610,1669,98326,79059,58459,14,33,6886,8,103,1,3,34,19,982,Locky
78061,12891,1893,1759,362,104996,153563,32,1957,533,35,27,228,124453,94002,2859,547,80517,4584,2,86157,2610,1669,98330,79065,58466,14,33,6886,8,103,1,3,34,19,982,Locky
78061,12891,1893,1759,362,104997,153564,32,1958,534,35,27,228,124453,94002,2859,547,80522,4584,2,86158,2610,1669,98334,79071,58473,14,33,6886,8,103,1,3,34,19,982,Locky
80431,12998,1922,1806,371,107485,157999,33,1977,542,35,27,232,124546,94002,2859,556,82689,4719,2,88252,2688,1691,100880,79140,58679,14,33,6886,8,103,1,3,34,19,982,Locky
80431,12998,1923,1806,371,107487,158000,33,1979,543,35,27,232,124546,94002,2859,556,82690,4719,2,88252,2688,1691,100880,79177,58704,14,33,6886,8,103,1,3,34,19,982,Locky
80431,12998,1923,1806,371,107488,158001,33,1980,544,35,27,232,124546,94002,2859,556,82695,4719,2,88253,2688,1691,100884,79183,58711,14,33,6886,8,103,1,3,34,19,982,Locky
80439,12998,1925,1806,371,107512,158040,33,1981,545,35,27,232,124546,94002,2859,556,82999,4733,2,88476,2693,1723,101072,79197,58736,14,38,6886,8,110,1,3,34,19,982,Locky
80439,12998,1925,1806,371,107513,158041,33,1982,546,35,27,232,124546,94002,2859,556,83004,4733,2,88477,2693,1723,101076,79203,58743,14,38,6886,8,110,1,3,34,19,982,Locky
80439,12998,1925,1806,371,107514,158042,33,1983,547,35,27,232,124546,94002,2859,556,83009,4733,2,88478,2693,1723,101080,79209,58750,14,38,6886,8,110,1,3,34,19,982,Locky
80439,12998,1929,1806,371,107516,158042,33,1983,548,36,28,233,124546,94036,2860,558,83009,4733,2,88478,2693,1723,101080,79211,58752,14,38,6886,8,110,1,3,34,19,982,Locky
80439,12998,1929,1806,371,107517,158043,33,1984,549,36,28,233,124546,94036,2860,558,83014,4733,2,88479,2693,1723,101085,79217,58759,14,38,6886,8,110,1,3,34,19,982,Locky
80439,12998,1930,1806,371,107519,158044,33,1986,550,36,28,233,124546,94036,2860,558,83062,4741,2,88517,2695,1723,101130,79219,58767,14,38,6886,8,110,1,3,34,19,982,Locky
81088,13734,1988,1875,386,109060,159040,34,2003,559,37,29,240,124705,94036,2860,570,85716,4877,2,92846,2775,1752,104232,80106,59008,14,38,6886,8,110,1,3,34,19,982,Locky
82719,13734,1988,1875,386,110693,162319,34,2138,560,37,29,240,139874,94036,2860,570,85741,4878,2,92878,2775,1752,104260,80114,59019,14,38,6886,8,110,1,3,34,19,982,Locky
82719,13734,1988,1875,386,110694,162320,34,2139,561,37,29,240,139874,94036,2860,570,85746,4878,2,92879,2775,1752,104264,80120,59026,14,38,6886,8,110,1,3,34,19,982,Locky
82719,13734,1989,1875,386,110696,162321,34,2141,562,37,29,240,139874,94036,2860,570,85747,4878,2,92879,2775,1752,104266,80130,59048,14,38,6886,8,110,1,3,34,19,982,Locky
85094,14299,2042,1927,398,113653,166765,35,2158,570,37,29,244,140031,94036,2860,579,88007,5015,2,94946,2856,1778,106838,80997,59252,14,38,6886,8,110,1,3,34,19,982,Locky
85094,14299,2042,1927,398,113654,166766,35,2159,571,37,29,244,140031,94036,2860,579,88012,5015,2,94947,2856,1778,106842,81003,59259,14,38,6886,8,110,1,3,34,19,982,Locky
85094,14299,2042,1927,398,113654,166766,35,2159,572,37,29,244,140032,94036,2860,579,88023,5015,2,94990,2856,1778,106853,81007,59266,14,38,6886,8,110,2,3,34,19,982,Locky
85094,14299,2042,1927,400,113655,166767,35,2160,573,37,29,246,140032,94036,2860,585,88026,5015,2,94990,2856,1778,106855,81042,59302,14,38,6886,8,110,2,3,34,19,982,Locky
87480,14305,2073,1991,412,116060,171320,36,2179,581,37,29,250,140202,94036,2860,594,90581,5152,2,99093,2937,1800,109828,81262,59515,14,38,6886,8,110,2,3,34,19,982,Locky
87488,14305,2075,1991,412,116084,171347,36,2180,582,37,29,250,140202,94036,2860,594,90824,5164,2,99263,2941,1832,109976,81284,59560,14,39,6886,8,114,2,3,34,19,982,Locky
87488,14305,2075,1991,412,116085,171348,36,2181,583,39,30,251,140202,94036,2860,597,90826,5164,2,99263,2941,1832,109978,81299,59588,14,39,6886,8,114,2,3,34,19,982,Locky
87488,14305,2075,1991,412,116086,171349,36,2182,584,39,30,251,140202,94036,2860,597,90831,5164,2,99264,2941,1832,109982,81305,59595,14,39,6886,8,114,2,3,34,19,982,Locky
88132,15041,2179,2060,422,117589,172336,37,2201,592,40,31,256,140404,94036,2860,609,94345,5301,2,104470,3022,1858,114011,83295,59862,14,39,6886,8,114,2,3,34,19,982,Locky
88132,15041,2179,2060,422,117589,172336,37,2201,592,40,31,256,140404,94036,2860,612,94345,5301,2,104470,3022,1858,114011,83296,59863,14,39,6886,8,114,2,3,34,19,982,Locky
88132,15041,2179,2060,422,117590,172337,37,2202,593,40,31,256,140404,94036,2860,612,94350,5301,2,104471,3022,1858,114015,83302,59870,14,39,6886,8,114,2,3,34,19,982,Locky
88132,15041,2179,2060,422,117591,172338,37,2203,594,40,31,256,140404,94036,2860,612,94355,5301,2,104472,3022,1858,114019,83308,59877,14,39,6886,8,114,2,3,34,19,982,Locky
88132,15041,2179,2060,422,117592,172339,37,2204,595,40,31,256,140404,94036,2860,612,94360,5301,2,104473,3022,1858,114023,83314,59884,14,39,6886,8,114,2,3,34,19,982,Locky
88179,15041,2188,2072,425,117648,172340,37,2208,596,40,31,257,140420,94036,2860,615,94538,5308,2,104511,3029,1858,114194,86276,59985,16,39,6886,10,116,2,3,39,22,983,Locky
88226,15041,2196,2072,427,117692,172340,37,2212,597,40,31,257,140420,94036,2860,618,94690,5311,2,104541,3035,1858,114349,86463,60048,17,39,6886,11,117,2,3,39,22,983,Locky
88226,15041,2196,2072,427,117693,172341,37,2213,598,40,31,257,140420,94036,2860,618,94697,5311,2,104542,3035,1858,114352,86469,60055,17,39,6886,11,117,2,3,39,22,983,Locky
88226,15041,2196,2072,427,117694,172342,37,2214,599,40,31,257,140420,94036,2860,618,94702,5311,2,104543,3035,1858,114356,86475,60062,17,39,6886,11,117,2,3,39,22,983,Locky
88226,15041,2196,2072,427,117695,172343,37,2215,600,40,31,257,140420,94036,2860,618,94704,5311,2,104543,3035,1858,114358,86489,60089,17,39,6886,11,117,2,3,39,22,983,Locky
88226,15041,2196,2072,427,117696,172344,37,2216,601,40,31,257,140420,94036,2860,618,94709,5311,2,104544,3035,1858,114363,86495,60096,17,39,6886,11,117,2,3,39,22,983,Locky
88227,15041,2196,2072,427,117698,172344,37,2216,601,40,31,258,140420,94036,2860,624,94709,5311,2,104544,3035,1858,114363,86502,60100,17,39,6886,11,117,2,3,39,22,983,Locky
88227,15041,2196,2072,427,117699,172345,37,2217,602,40,31,258,140420,94036,2860,624,94714,5311,2,104545,3035,1858,114367,86508,60107,17,39,6886,11,117,2,3,39,22,983,Locky
88227,15041,2196,2072,427,117700,172346,37,2218,603,40,31,258,140420,94036,2860,624,94719,5311,2,104546,3035,1858,114371,86514,60114,17,39,6886,11,117,2,3,39,22,983,Locky
88228,15041,2196,2072,427,117702,172346,37,2218,603,40,31,259,140420,94036,2860,630,94719,5311,2,104546,3035,1858,114372,86519,60119,17,39,6886,11,117,2,3,39,22,983,Locky
88236,15041,2199,2072,427,117724,172371,37,2220,604,40,31,259,140420,94036,2860,630,94884,5320,2,104676,3037,1872,114483,86529,60139,17,39,6886,11,121,2,3,39,22,983,Locky
88237,15041,2199,2072,427,117726,172371,37,2220,604,40,31,260,140420,94036,2860,636,94884,5320,2,104676,3037,1872,114483,86534,60140,17,39,6886,11,121,2,3,39,22,983,Locky
88237,15041,2199,2072,427,117727,172372,37,2221,605,40,31,260,140420,94036,2860,636,94889,5320,2,104677,3037,1872,114487,86540,60147,17,39,6886,11,121,2,3,39,22,983,Locky
88237,15041,2223,2072,429,117728,172373,37,2229,608,40,31,263,140427,94036,2860,642,95053,5338,2,104711,3059,1872,114744,86627,60317,17,39,6886,11,121,2,3,39,22,983,Locky
88237,15041,2223,2072,429,117729,172374,37,2230,609,40,31,263,140427,94036,2860,642,95058,5338,2,104712,3059,1872,114748,86633,60324,17,39,6886,11,121,2,3,39,22,983,Locky
88237,15041,2223,2072,429,117730,172375,37,2231,610,40,31,263,140427,94036,2860,642,95063,5338,2,104713,3059,1872,114752,86639,60331,17,39,6886,11,121,2,3,39,22,983,Locky
90470,15042,2232,2094,431,119993,176800,37,2244,615,40,31,267,140455,94036,2860,645,95772,5386,2,105383,3105,1875,115850,86667,60422,17,39,6886,11,121,2,3,39,22,983,Locky
90470,15042,2232,2094,431,119994,176801,37,2245,616,40,31,267,140455,94036,2860,645,95777,5386,2,105384,3105,1875,115854,86673,60429,17,39,6886,11,121,2,3,39,22,983,Locky
90470,15042,2232,2094,431,119995,176802,37,2246,617,40,31,267,140455,94036,2860,645,95782,5386,2,105385,3105,1875,115858,86679,60436,17,39,6886,11,121,2,3,39,22,983,Locky
90470,15042,2232,2094,433,119996,176803,37,2247,618,40,31,269,140455,94036,2860,651,95784,5386,2,105385,3105,1875,115859,86708,60465,17,39,6886,11,121,2,3,39,22,983,Locky
90479,15042,2234,2094,433,120026,176846,37,2248,619,40,31,269,140455,94036,2860,651,96116,5400,2,105631,3110,1907,116063,86720,60488,17,45,6886,11,129,2,3,39,22,983,Locky
90479,15042,2234,2094,433,120027,176847,37,2249,620,40,31,269,140455,94036,2860,651,96123,5400,2,105632,3110,1907,116067,86726,60495,17,45,6886,11,129,2,3,39,22,983,Locky
92855,15047,2270,2147,445,122431,181293,38,2266,628,40,31,273,140598,94036,2860,660,98280,5538,2,107847,3191,1932,118578,87070,60724,17,45,6886,11,129,2,3,39,22,983,Locky
92855,15047,2272,2147,445,122432,181293,38,2267,629,41,32,274,140598,94036,2860,663,98280,5538,2,107847,3191,1932,118578,87091,60769,17,45,6886,11,129,2,3,39,22,983,Locky
92855,15047,2272,2147,445,122432,181293,38,2267,629,41,32,274,140598,94036,2860,663,98625,5538,2,107883,3191,1932,118757,87094,60775,17,45,6886,11,182,2,3,39,22,983,Locky
92855,15047,2272,2147,445,122433,181294,38,2268,630,43,33,275,140598,94036,2860,664,98627,5538,2,107883,3191,1932,118759,87108,60802,17,45,6886,11,182,2,3,39,22,983,Locky
92902,15047,2280,2147,447,122477,181294,38,2272,631,43,33,275,140598,94036,2860,667,98784,5545,2,107913,3198,1932,118917,87296,60865,19,45,6886,13,184,2,3,44,25,983,Locky
